Date,Home Team,Away Team,Result,Overtime,Season
27/10/2015 08:00,Chicago Bulls,Cleveland Cavaliers,97 - 95,,2015-2016
27/10/2015 08:00,Atlanta Hawks,Detroit Pistons,94 - 106,,2015-2016
27/10/2015 10:30,Golden State Warriors,New Orleans Pelicans,111 - 95,,2015-2016
28/10/2015 07:00,Orlando Magic,Washington Wizards,87 - 88,,2015-2016
28/10/2015 07:30,Boston Celtics,Philadelphia 76ers,112 - 95,,2015-2016
28/10/2015 07:30,Brooklyn Nets,Chicago Bulls,100 - 115,,2015-2016
28/10/2015 07:30,Detroit Pistons,Utah Jazz,92 - 87,,2015-2016
28/10/2015 07:30,Toronto Raptors,Indiana Pacers,106 - 99,,2015-2016
28/10/2015 07:30,Miami Heat,Charlotte Hornets,104 - 94,,2015-2016
28/10/2015 08:00,Milwaukee Bucks,New York Knicks,97 - 122,,2015-2016
28/10/2015 08:00,Oklahoma City Thunder,San Antonio Spurs,112 - 106,,2015-2016
28/10/2015 08:00,Memphis Grizzlies,Cleveland Cavaliers,76 - 106,,2015-2016
28/10/2015 08:00,Houston Rockets,Denver Nuggets,85 - 105,,2015-2016
28/10/2015 10:00,Phoenix Suns,Dallas Mavericks,95 - 111,,2015-2016
28/10/2015 10:00,Portland Trail Blazers,New Orleans Pelicans,112 - 94,,2015-2016
28/10/2015 10:00,Sacramento Kings,Los Angeles Clippers,104 - 111,,2015-2016
28/10/2015 10:30,Los Angeles Lakers,Minnesota Timberwolves,111 - 112,,2015-2016
29/10/2015 07:00,Indiana Pacers,Memphis Grizzlies,103 - 112,,2015-2016
29/10/2015 08:00,New York Knicks,Atlanta Hawks,101 - 112,,2015-2016
29/10/2015 10:30,Los Angeles Clippers,Dallas Mavericks,104 - 88,,2015-2016
30/10/2015 07:00,Cleveland Cavaliers,Miami Heat,102 - 92,,2015-2016
30/10/2015 07:00,Philadelphia 76ers,Utah Jazz,71 - 99,,2015-2016
30/10/2015 07:00,Orlando Magic,Oklahoma City Thunder,136 - 139,2OT,2015-2016
30/10/2015 07:30,Boston Celtics,Toronto Raptors,103 - 113,,2015-2016
30/10/2015 07:30,Detroit Pistons,Chicago Bulls,98 - 94,OT,2015-2016
30/10/2015 08:00,Atlanta Hawks,Charlotte Hornets,97 - 94,,2015-2016
30/10/2015 08:00,Milwaukee Bucks,Washington Wizards,113 - 118,,2015-2016
30/10/2015 08:30,San Antonio Spurs,Brooklyn Nets,102 - 75,,2015-2016
30/10/2015 09:00,Denver Nuggets,Minnesota Timberwolves,78 - 95,,2015-2016
30/10/2015 09:30,Houston Rockets,Golden State Warriors,92 - 112,,2015-2016
30/10/2015 10:00,Sacramento Kings,Los Angeles Lakers,132 - 114,,2015-2016
30/10/2015 10:30,Phoenix Suns,Portland Trail Blazers,110 - 92,,2015-2016
31/10/2015 07:00,Indiana Pacers,Utah Jazz,76 - 97,,2015-2016
31/10/2015 07:00,Washington Wizards,New York Knicks,110 - 117,,2015-2016
31/10/2015 07:30,New Orleans Pelicans,Golden State Warriors,120 - 134,,2015-2016
31/10/2015 08:00,Memphis Grizzlies,Brooklyn Nets,101 - 91,,2015-2016
31/10/2015 10:00,Portland Trail Blazers,Phoenix Suns,90 - 101,,2015-2016
31/10/2015 10:30,Los Angeles Clippers,Sacramento Kings,114 - 109,,2015-2016
01/11/2015 02:00,Charlotte Hornets,Atlanta Hawks,92 - 94,,2015-2016
01/11/2015 03:30,Boston Celtics,San Antonio Spurs,87 - 95,,2015-2016
01/11/2015 06:00,Miami Heat,Houston Rockets,109 - 89,,2015-2016
01/11/2015 06:00,Toronto Raptors,Milwaukee Bucks,106 - 87,,2015-2016
01/11/2015 07:00,Chicago Bulls,Orlando Magic,92 - 87,,2015-2016
01/11/2015 07:00,Oklahoma City Thunder,Denver Nuggets,117 - 93,,2015-2016
01/11/2015 09:30,Los Angeles Lakers,Dallas Mavericks,93 - 103,,2015-2016
02/11/2015 07:00,Philadelphia 76ers,Cleveland Cavaliers,100 - 107,,2015-2016
02/11/2015 07:30,Brooklyn Nets,Milwaukee Bucks,96 - 103,,2015-2016
02/11/2015 07:30,New York Knicks,San Antonio Spurs,84 - 94,,2015-2016
02/11/2015 08:00,Houston Rockets,Oklahoma City Thunder,110 - 105,,2015-2016
02/11/2015 08:00,Minnesota Timberwolves,Portland Trail Blazers,101 - 106,,2015-2016
02/11/2015 10:30,Golden State Warriors,Memphis Grizzlies,119 - 69,,2015-2016
02/11/2015 10:30,Los Angeles Clippers,Phoenix Suns,102 - 96,,2015-2016
03/11/2015 07:00,Charlotte Hornets,Chicago Bulls,130 - 105,,2015-2016
03/11/2015 07:30,Detroit Pistons,Indiana Pacers,82 - 94,,2015-2016
03/11/2015 07:30,Miami Heat,Atlanta Hawks,92 - 98,,2015-2016
03/11/2015 08:00,New Orleans Pelicans,Orlando Magic,94 - 103,,2015-2016
03/11/2015 08:30,Dallas Mavericks,Toronto Raptors,91 - 102,,2015-2016
03/11/2015 10:00,Sacramento Kings,Memphis Grizzlies,89 - 103,,2015-2016
03/11/2015 10:30,Los Angeles Lakers,Denver Nuggets,109 - 120,,2015-2016
04/11/2015 07:00,Indiana Pacers,Boston Celtics,100 - 98,,2015-2016
04/11/2015 07:00,Washington Wizards,San Antonio Spurs,102 - 99,,2015-2016
04/11/2015 08:00,Atlanta Hawks,Brooklyn Nets,101 - 87,,2015-2016
04/11/2015 08:00,Cleveland Cavaliers,New York Knicks,96 - 86,,2015-2016
04/11/2015 08:00,Houston Rockets,Orlando Magic,119 - 114,OT,2015-2016
04/11/2015 08:00,Milwaukee Bucks,Philadelphia 76ers,91 - 87,,2015-2016
04/11/2015 08:00,Oklahoma City Thunder,Toronto Raptors,98 - 103,,2015-2016
04/11/2015 09:00,Phoenix Suns,Sacramento Kings,118 - 97,,2015-2016
04/11/2015 09:00,Utah Jazz,Portland Trail Blazers,92 - 108,,2015-2016
04/11/2015 10:30,Golden State Warriors,Los Angeles Clippers,112 - 108,,2015-2016
05/11/2015 08:00,Chicago Bulls,Oklahoma City Thunder,104 - 98,,2015-2016
05/11/2015 08:00,Minnesota Timberwolves,Miami Heat,84 - 96,,2015-2016
05/11/2015 08:30,Dallas Mavericks,Charlotte Hornets,94 - 108,,2015-2016
05/11/2015 09:00,Denver Nuggets,Utah Jazz,84 - 96,,2015-2016
05/11/2015 10:30,Portland Trail Blazers,Memphis Grizzlies,115 - 96,,2015-2016
06/11/2015 07:00,Orlando Magic,Toronto Raptors,92 - 87,,2015-2016
06/11/2015 07:30,Boston Celtics,Washington Wizards,118 - 98,,2015-2016
06/11/2015 07:30,Brooklyn Nets,Los Angeles Lakers,98 - 104,,2015-2016
06/11/2015 07:30,Cleveland Cavaliers,Philadelphia 76ers,108 - 102,,2015-2016
06/11/2015 07:30,New York Knicks,Milwaukee Bucks,92 - 99,,2015-2016
06/11/2015 08:00,Indiana Pacers,Miami Heat,90 - 87,,2015-2016
06/11/2015 08:00,New Orleans Pelicans,Atlanta Hawks,115 - 121,,2015-2016
06/11/2015 09:30,Phoenix Suns,Detroit Pistons,92 - 100,,2015-2016
06/11/2015 10:30,Golden State Warriors,Denver Nuggets,119 - 104,,2015-2016
06/11/2015 10:30,Sacramento Kings,Houston Rockets,110 - 116,,2015-2016
07/11/2015 06:00,Chicago Bulls,Minnesota Timberwolves,93 - 102,OT,2015-2016
07/11/2015 07:00,Philadelphia 76ers,Orlando Magic,97 - 105,,2015-2016
07/11/2015 07:30,Atlanta Hawks,Washington Wizards,114 - 99,,2015-2016
07/11/2015 08:30,Dallas Mavericks,New Orleans Pelicans,107 - 98,,2015-2016
07/11/2015 08:30,Milwaukee Bucks,Brooklyn Nets,94 - 86,,2015-2016
07/11/2015 08:30,San Antonio Spurs,Charlotte Hornets,114 - 94,,2015-2016
07/11/2015 09:00,Utah Jazz,Memphis Grizzlies,89 - 79,,2015-2016
07/11/2015 10:00,Sacramento Kings,Golden State Warriors,94 - 103,,2015-2016
07/11/2015 10:30,Los Angeles Clippers,Houston Rockets,105 - 109,,2015-2016
08/11/2015 03:30,Cleveland Cavaliers,Indiana Pacers,101 - 97,,2015-2016
08/11/2015 03:30,New York Knicks,Los Angeles Lakers,99 - 95,,2015-2016
08/11/2015 06:00,Miami Heat,Toronto Raptors,96 - 76,,2015-2016
08/11/2015 07:00,Oklahoma City Thunder,Phoenix Suns,124 - 103,,2015-2016
08/11/2015 09:00,Portland Trail Blazers,Detroit Pistons,103 - 120,,2015-2016
09/11/2015 07:00,Indiana Pacers,Orlando Magic,97 - 84,,2015-2016
09/11/2015 07:00,Philadelphia 76ers,Chicago Bulls,88 - 111,,2015-2016
09/11/2015 08:00,Atlanta Hawks,Minnesota Timberwolves,107 - 117,,2015-2016
09/11/2015 09:00,Denver Nuggets,Portland Trail Blazers,108 - 104,,2015-2016
09/11/2015 10:00,Sacramento Kings,San Antonio Spurs,88 - 106,,2015-2016
09/11/2015 10:30,Golden State Warriors,Detroit Pistons,109 - 95,,2015-2016
09/11/2015 10:30,Los Angeles Clippers,Memphis Grizzlies,94 - 92,,2015-2016
10/11/2015 07:00,Cleveland Cavaliers,Utah Jazz,118 - 114,,2015-2016
10/11/2015 07:00,Washington Wizards,Oklahoma City Thunder,101 - 125,,2015-2016
10/11/2015 07:30,Miami Heat,Los Angeles Lakers,101 - 88,,2015-2016
10/11/2015 07:30,Toronto Raptors,New York Knicks,109 - 111,,2015-2016
10/11/2015 08:00,Milwaukee Bucks,Boston Celtics,83 - 99,,2015-2016
10/11/2015 08:00,Minnesota Timberwolves,Charlotte Hornets,95 - 104,,2015-2016
10/11/2015 08:00,New Orleans Pelicans,Dallas Mavericks,120 - 105,,2015-2016
11/11/2015 07:00,Charlotte Hornets,New York Knicks,95 - 93,,2015-2016
11/11/2015 07:00,Orlando Magic,Los Angeles Lakers,101 - 99,,2015-2016
11/11/2015 07:00,Philadelphia 76ers,Toronto Raptors,103 - 119,,2015-2016
11/11/2015 07:30,Boston Celtics,Indiana Pacers,91 - 102,,2015-2016
11/11/2015 08:00,Atlanta Hawks,New Orleans Pelicans,106 - 98,,2015-2016
11/11/2015 08:00,Dallas Mavericks,Los Angeles Clippers,118 - 108,,2015-2016
11/11/2015 08:00,Houston Rockets,Brooklyn Nets,98 - 106,,2015-2016
11/11/2015 08:00,Memphis Grizzlies,Golden State Warriors,84 - 100,,2015-2016
11/11/2015 09:00,Denver Nuggets,Milwaukee Bucks,103 - 102,,2015-2016
11/11/2015 10:00,Sacramento Kings,Detroit Pistons,101 - 92,,2015-2016
11/11/2015 10:30,Portland Trail Blazers,San Antonio Spurs,101 - 113,,2015-2016
12/11/2015 07:30,Miami Heat,Utah Jazz,92 - 91,,2015-2016
12/11/2015 08:00,Minnesota Timberwolves,Golden State Warriors,116 - 129,,2015-2016
12/11/2015 10:30,Phoenix Suns,Los Angeles Clippers,118 - 104,,2015-2016
13/11/2015 07:00,Indiana Pacers,Minnesota Timberwolves,107 - 103,,2015-2016
13/11/2015 07:00,Orlando Magic,Utah Jazz,102 - 93,,2015-2016
13/11/2015 07:30,Boston Celtics,Atlanta Hawks,106 - 93,,2015-2016
13/11/2015 07:30,New York Knicks,Cleveland Cavaliers,84 - 90,,2015-2016
13/11/2015 07:30,Toronto Raptors,New Orleans Pelicans,100 - 81,,2015-2016
13/11/2015 08:00,Chicago Bulls,Charlotte Hornets,102 - 97,,2015-2016
13/11/2015 08:00,Memphis Grizzlies,Portland Trail Blazers,101 - 100,,2015-2016
13/11/2015 08:00,Oklahoma City Thunder,Philadelphia 76ers,102 - 85,,2015-2016
13/11/2015 08:30,Dallas Mavericks,Los Angeles Lakers,90 - 82,,2015-2016
13/11/2015 09:00,Denver Nuggets,Houston Rockets,107 - 98,,2015-2016
13/11/2015 10:00,Sacramento Kings,Brooklyn Nets,111 - 109,,2015-2016
14/11/2015 03:30,Los Angeles Clippers,Detroit Pistons,101 - 96,,2015-2016
14/11/2015 07:00,Washington Wizards,Orlando Magic,108 - 99,,2015-2016
14/11/2015 08:00,Houston Rockets,Dallas Mavericks,98 - 110,,2015-2016
14/11/2015 08:30,Milwaukee Bucks,Cleveland Cavaliers,108 - 105,2OT,2015-2016
14/11/2015 08:30,San Antonio Spurs,Philadelphia 76ers,92 - 83,,2015-2016
14/11/2015 09:00,Phoenix Suns,Denver Nuggets,105 - 81,,2015-2016
14/11/2015 10:30,Golden State Warriors,Brooklyn Nets,107 - 99,OT,2015-2016
15/11/2015 12:00,New York Knicks,New Orleans Pelicans,95 - 87,,2015-2016
15/11/2015 03:30,Minnesota Timberwolves,Memphis Grizzlies,106 - 114,,2015-2016
15/11/2015 05:00,Charlotte Hornets,Portland Trail Blazers,106 - 94,,2015-2016
15/11/2015 06:00,Atlanta Hawks,Utah Jazz,96 - 97,,2015-2016
15/11/2015 07:00,Oklahoma City Thunder,Boston Celtics,85 - 100,,2015-2016
15/11/2015 09:00,Sacramento Kings,Toronto Raptors,107 - 101,,2015-2016
15/11/2015 09:30,Los Angeles Lakers,Detroit Pistons,97 - 85,,2015-2016
16/11/2015 07:00,Philadelphia 76ers,Dallas Mavericks,86 - 92,,2015-2016
16/11/2015 08:00,Chicago Bulls,Indiana Pacers,96 - 95,,2015-2016
16/11/2015 08:00,Houston Rockets,Boston Celtics,95 - 111,,2015-2016
16/11/2015 08:00,Memphis Grizzlies,Oklahoma City Thunder,122 - 114,,2015-2016
16/11/2015 08:30,San Antonio Spurs,Portland Trail Blazers,93 - 80,,2015-2016
16/11/2015 09:00,Phoenix Suns,Los Angeles Lakers,120 - 101,,2015-2016
17/11/2015 07:00,Washington Wizards,Milwaukee Bucks,115 - 86,,2015-2016
17/11/2015 07:30,Brooklyn Nets,Atlanta Hawks,90 - 88,,2015-2016
17/11/2015 07:30,Detroit Pistons,Cleveland Cavaliers,104 - 99,,2015-2016
17/11/2015 07:30,Miami Heat,Minnesota Timberwolves,91 - 103,,2015-2016
17/11/2015 07:30,New York Knicks,Charlotte Hornets,102 - 94,,2015-2016
17/11/2015 08:00,New Orleans Pelicans,Denver Nuggets,98 - 115,,2015-2016
17/11/2015 10:30,Golden State Warriors,Toronto Raptors,115 - 110,,2015-2016
18/11/2015 07:00,Charlotte Hornets,Brooklyn Nets,116 - 111,,2015-2016
18/11/2015 07:00,Orlando Magic,Minnesota Timberwolves,104 - 101,OT,2015-2016
18/11/2015 07:00,Philadelphia 76ers,Indiana Pacers,85 - 112,,2015-2016
18/11/2015 07:30,Boston Celtics,Dallas Mavericks,102 - 106,,2015-2016
18/11/2015 08:00,Atlanta Hawks,Sacramento Kings,103 - 97,,2015-2016
18/11/2015 08:00,Houston Rockets,Portland Trail Blazers,108 - 103,OT,2015-2016
18/11/2015 08:00,Oklahoma City Thunder,New Orleans Pelicans,110 - 103,,2015-2016
18/11/2015 08:30,San Antonio Spurs,Denver Nuggets,109 - 98,,2015-2016
18/11/2015 09:00,Utah Jazz,Toronto Raptors,93 - 89,,2015-2016
18/11/2015 10:30,Phoenix Suns,Chicago Bulls,97 - 103,,2015-2016
19/11/2015 07:30,Miami Heat,Sacramento Kings,116 - 109,,2015-2016
19/11/2015 08:00,Cleveland Cavaliers,Milwaukee Bucks,115 - 100,,2015-2016
19/11/2015 10:30,Los Angeles Clippers,Golden State Warriors,117 - 124,,2015-2016
20/11/2015 07:00,Charlotte Hornets,Philadelphia 76ers,113 - 88,,2015-2016
20/11/2015 07:30,Boston Celtics,Brooklyn Nets,120 - 95,,2015-2016
20/11/2015 08:00,Memphis Grizzlies,Houston Rockets,96 - 84,,2015-2016
20/11/2015 08:00,Minnesota Timberwolves,Detroit Pistons,86 - 96,,2015-2016
20/11/2015 08:00,New Orleans Pelicans,San Antonio Spurs,104 - 90,,2015-2016
20/11/2015 08:00,Oklahoma City Thunder,New York Knicks,90 - 93,,2015-2016
20/11/2015 08:30,Dallas Mavericks,Utah Jazz,102 - 93,,2015-2016
20/11/2015 09:00,Denver Nuggets,Phoenix Suns,107 - 114,,2015-2016
20/11/2015 10:00,Portland Trail Blazers,Los Angeles Clippers,102 - 91,,2015-2016
20/11/2015 10:30,Golden State Warriors,Chicago Bulls,106 - 94,,2015-2016
20/11/2015 10:30,Los Angeles Lakers,Toronto Raptors,91 - 102,,2015-2016
21/11/2015 05:00,Orlando Magic,Sacramento Kings,91 - 97,,2015-2016
21/11/2015 07:00,Indiana Pacers,Milwaukee Bucks,123 - 86,,2015-2016
21/11/2015 07:30,Cleveland Cavaliers,Atlanta Hawks,109 - 97,,2015-2016
21/11/2015 07:30,Detroit Pistons,Washington Wizards,95 - 97,,2015-2016
21/11/2015 08:00,Houston Rockets,New York Knicks,102 - 107,,2015-2016
21/11/2015 08:00,Miami Heat,Philadelphia 76ers,96 - 91,,2015-2016
21/11/2015 08:30,San Antonio Spurs,Memphis Grizzlies,92 - 82,,2015-2016
22/11/2015 03:30,Los Angeles Clippers,Toronto Raptors,80 - 91,,2015-2016
22/11/2015 06:00,Brooklyn Nets,Boston Celtics,111 - 101,,2015-2016
22/11/2015 06:00,New Orleans Pelicans,Phoenix Suns,122 - 116,,2015-2016
22/11/2015 07:00,Oklahoma City Thunder,Dallas Mavericks,117 - 114,,2015-2016
22/11/2015 08:00,Denver Nuggets,Golden State Warriors,105 - 118,,2015-2016
22/11/2015 09:30,Los Angeles Lakers,Portland Trail Blazers,93 - 107,,2015-2016
23/11/2015 07:00,Charlotte Hornets,Sacramento Kings,127 - 122,OT,2015-2016
23/11/2015 07:00,Cleveland Cavaliers,Orlando Magic,117 - 103,,2015-2016
23/11/2015 07:30,Miami Heat,New York Knicks,95 - 78,,2015-2016
23/11/2015 08:00,Milwaukee Bucks,Detroit Pistons,109 - 88,,2015-2016
23/11/2015 08:00,Minnesota Timberwolves,Philadelphia 76ers,100 - 95,,2015-2016
23/11/2015 08:30,San Antonio Spurs,Phoenix Suns,98 - 84,,2015-2016
23/11/2015 09:00,Utah Jazz,Oklahoma City Thunder,89 - 111,,2015-2016
24/11/2015 07:00,Washington Wizards,Indiana Pacers,106 - 123,,2015-2016
24/11/2015 08:00,Atlanta Hawks,Boston Celtics,121 - 97,,2015-2016
24/11/2015 08:00,Memphis Grizzlies,Dallas Mavericks,110 - 96,,2015-2016
24/11/2015 09:00,Denver Nuggets,Los Angeles Clippers,94 - 111,,2015-2016
24/11/2015 10:00,Portland Trail Blazers,Chicago Bulls,88 - 93,,2015-2016
24/11/2015 10:30,Golden State Warriors,Los Angeles Lakers,111 - 77,,2015-2016
25/11/2015 07:00,Charlotte Hornets,Washington Wizards,101 - 87,,2015-2016
25/11/2015 07:00,Orlando Magic,New York Knicks,100 - 91,,2015-2016
25/11/2015 07:30,Boston Celtics,Philadelphia 76ers,84 - 80,,2015-2016
25/11/2015 07:30,Detroit Pistons,Miami Heat,104 - 81,,2015-2016
25/11/2015 07:30,Toronto Raptors,Cleveland Cavaliers,103 - 99,,2015-2016
25/11/2015 08:00,Houston Rockets,Memphis Grizzlies,93 - 102,,2015-2016
25/11/2015 08:00,Milwaukee Bucks,Sacramento Kings,118 - 129,,2015-2016
25/11/2015 08:00,Minnesota Timberwolves,Atlanta Hawks,99 - 95,,2015-2016
25/11/2015 08:00,Oklahoma City Thunder,Brooklyn Nets,110 - 99,,2015-2016
25/11/2015 08:30,San Antonio Spurs,Dallas Mavericks,88 - 83,,2015-2016
25/11/2015 09:00,Phoenix Suns,New Orleans Pelicans,114 - 120,,2015-2016
25/11/2015 10:30,Los Angeles Clippers,Utah Jazz,91 - 102,,2015-2016
27/11/2015 07:00,Charlotte Hornets,Cleveland Cavaliers,90 - 95,,2015-2016
27/11/2015 07:00,Orlando Magic,Milwaukee Bucks,114 - 90,,2015-2016
27/11/2015 07:30,Boston Celtics,Washington Wizards,111 - 78,,2015-2016
27/11/2015 07:30,New York Knicks,Miami Heat,78 - 97,,2015-2016
27/11/2015 08:00,Houston Rockets,Philadelphia 76ers,116 - 114,,2015-2016
27/11/2015 08:00,Indiana Pacers,Chicago Bulls,104 - 92,,2015-2016
27/11/2015 08:00,Memphis Grizzlies,Atlanta Hawks,101 - 116,,2015-2016
27/11/2015 08:00,Oklahoma City Thunder,Detroit Pistons,103 - 87,,2015-2016
27/11/2015 09:00,Denver Nuggets,San Antonio Spurs,80 - 91,,2015-2016
27/11/2015 09:30,Phoenix Suns,Golden State Warriors,116 - 135,,2015-2016
27/11/2015 10:00,Sacramento Kings,Minnesota Timberwolves,91 - 101,,2015-2016
27/11/2015 10:30,Los Angeles Clippers,New Orleans Pelicans,111 - 90,,2015-2016
28/11/2015 07:00,Washington Wizards,Toronto Raptors,82 - 84,,2015-2016
28/11/2015 07:30,Cleveland Cavaliers,Brooklyn Nets,90 - 88,,2015-2016
28/11/2015 08:30,Dallas Mavericks,Denver Nuggets,92 - 81,,2015-2016
28/11/2015 08:30,San Antonio Spurs,Atlanta Hawks,108 - 88,,2015-2016
28/11/2015 09:00,Utah Jazz,New Orleans Pelicans,101 - 87,,2015-2016
28/11/2015 10:00,Portland Trail Blazers,Los Angeles Lakers,108 - 96,,2015-2016
28/11/2015 10:30,Golden State Warriors,Sacramento Kings,120 - 101,,2015-2016
29/11/2015 02:00,Charlotte Hornets,Milwaukee Bucks,87 - 82,,2015-2016
29/11/2015 03:30,Los Angeles Clippers,Minnesota Timberwolves,107 - 99,,2015-2016
29/11/2015 06:00,Brooklyn Nets,Detroit Pistons,87 - 83,,2015-2016
29/11/2015 06:00,Memphis Grizzlies,Philadelphia 76ers,92 - 84,,2015-2016
29/11/2015 06:00,Orlando Magic,Boston Celtics,110 - 91,,2015-2016
29/11/2015 06:00,Toronto Raptors,Phoenix Suns,102 - 107,,2015-2016
29/11/2015 07:30,New York Knicks,Houston Rockets,111 - 116,OT,2015-2016
29/11/2015 09:30,Los Angeles Lakers,Indiana Pacers,103 - 107,,2015-2016
30/11/2015 07:30,Detroit Pistons,Houston Rockets,116 - 105,,2015-2016
30/11/2015 07:30,Miami Heat,Boston Celtics,95 - 105,,2015-2016
30/11/2015 08:00,Atlanta Hawks,Oklahoma City Thunder,106 - 100,,2015-2016
30/11/2015 08:00,Chicago Bulls,San Antonio Spurs,92 - 89,,2015-2016
30/11/2015 08:00,Milwaukee Bucks,Denver Nuggets,92 - 74,,2015-2016
30/11/2015 09:00,Utah Jazz,Golden State Warriors,103 - 106,,2015-2016
30/11/2015 10:00,Sacramento Kings,Dallas Mavericks,112 - 98,,2015-2016
30/11/2015 10:30,Los Angeles Clippers,Portland Trail Blazers,102 - 87,,2015-2016
01/12/2015 07:00,Cleveland Cavaliers,Washington Wizards,85 - 97,,2015-2016
01/12/2015 07:00,Philadelphia 76ers,Los Angeles Lakers,103 - 91,,2015-2016
01/12/2015 07:30,Brooklyn Nets,Phoenix Suns,94 - 91,,2015-2016
01/12/2015 08:00,Minnesota Timberwolves,Orlando Magic,93 - 96,,2015-2016
01/12/2015 08:00,New Orleans Pelicans,Memphis Grizzlies,104 - 113,,2015-2016
01/12/2015 10:00,Portland Trail Blazers,Dallas Mavericks,112 - 115,OT,2015-2016
02/12/2015 07:00,Charlotte Hornets,Golden State Warriors,99 - 116,,2015-2016
02/12/2015 07:00,Washington Wizards,Los Angeles Lakers,104 - 108,,2015-2016
02/12/2015 07:30,Detroit Pistons,Phoenix Suns,127 - 122,OT,2015-2016
02/12/2015 07:30,New York Knicks,Philadelphia 76ers,99 - 87,,2015-2016
02/12/2015 08:00,Atlanta Hawks,Toronto Raptors,86 - 96,,2015-2016
02/12/2015 08:00,Chicago Bulls,Denver Nuggets,99 - 90,,2015-2016
02/12/2015 08:00,Houston Rockets,New Orleans Pelicans,108 - 101,,2015-2016
02/12/2015 08:30,San Antonio Spurs,Milwaukee Bucks,95 - 70,,2015-2016
02/12/2015 10:30,Los Angeles Clippers,Indiana Pacers,91 - 103,,2015-2016
03/12/2015 07:00,Miami Heat,Oklahoma City Thunder,97 - 95,,2015-2016
03/12/2015 07:30,Toronto Raptors,Denver Nuggets,105 - 106,,2015-2016
03/12/2015 09:00,Utah Jazz,Orlando Magic,94 - 103,,2015-2016
03/12/2015 09:30,Memphis Grizzlies,San Antonio Spurs,83 - 103,,2015-2016
03/12/2015 10:00,Portland Trail Blazers,Indiana Pacers,123 - 111,,2015-2016
03/12/2015 10:00,Sacramento Kings,Boston Celtics,97 - 114,,2015-2016
04/12/2015 07:00,New York Knicks,Brooklyn Nets,108 - 91,,2015-2016
04/12/2015 07:00,Washington Wizards,Phoenix Suns,109 - 106,,2015-2016
04/12/2015 07:30,Detroit Pistons,Milwaukee Bucks,102 - 95,,2015-2016
04/12/2015 08:00,Atlanta Hawks,Los Angeles Lakers,100 - 87,,2015-2016
04/12/2015 08:30,Dallas Mavericks,Houston Rockets,96 - 100,,2015-2016
04/12/2015 09:30,New Orleans Pelicans,Cleveland Cavaliers,114 - 108,OT,2015-2016
05/12/2015 01:00,Philadelphia 76ers,Denver Nuggets,105 - 108,,2015-2016
05/12/2015 05:00,Toronto Raptors,Golden State Warriors,109 - 112,,2015-2016
05/12/2015 08:00,Chicago Bulls,Charlotte Hornets,96 - 102,,2015-2016
05/12/2015 08:00,Houston Rockets,Sacramento Kings,120 - 113,,2015-2016
05/12/2015 08:00,Miami Heat,Cleveland Cavaliers,99 - 84,,2015-2016
05/12/2015 08:00,Minnesota Timberwolves,Portland Trail Blazers,103 - 109,,2015-2016
05/12/2015 08:30,Milwaukee Bucks,New York Knicks,106 - 91,,2015-2016
05/12/2015 08:30,San Antonio Spurs,Boston Celtics,108 - 105,,2015-2016
05/12/2015 09:00,Utah Jazz,Indiana Pacers,122 - 119,OT,2015-2016
05/12/2015 10:30,Los Angeles Clippers,Orlando Magic,103 - 101,,2015-2016
06/12/2015 03:30,Memphis Grizzlies,Phoenix Suns,95 - 93,,2015-2016
06/12/2015 06:00,Brooklyn Nets,Golden State Warriors,98 - 114,,2015-2016
06/12/2015 06:00,Detroit Pistons,Los Angeles Lakers,111 - 91,,2015-2016
06/12/2015 06:00,Washington Wizards,Dallas Mavericks,104 - 116,,2015-2016
06/12/2015 07:00,Oklahoma City Thunder,Sacramento Kings,98 - 95,,2015-2016
07/12/2015 07:00,Charlotte Hornets,Detroit Pistons,104 - 84,,2015-2016
07/12/2015 07:00,Philadelphia 76ers,San Antonio Spurs,68 - 119,,2015-2016
07/12/2015 07:30,Miami Heat,Washington Wizards,103 - 114,,2015-2016
07/12/2015 07:30,New York Knicks,Dallas Mavericks,97 - 104,,2015-2016
07/12/2015 07:30,Toronto Raptors,Los Angeles Lakers,102 - 93,,2015-2016
07/12/2015 08:00,Chicago Bulls,Phoenix Suns,101 - 103,,2015-2016
07/12/2015 08:00,Milwaukee Bucks,Portland Trail Blazers,90 - 88,,2015-2016
07/12/2015 08:00,Minnesota Timberwolves,Los Angeles Clippers,106 - 110,,2015-2016
07/12/2015 08:00,New Orleans Pelicans,Boston Celtics,93 - 111,,2015-2016
08/12/2015 07:00,Cleveland Cavaliers,Portland Trail Blazers,105 - 100,,2015-2016
08/12/2015 07:00,Indiana Pacers,Golden State Warriors,123 - 131,,2015-2016
08/12/2015 07:30,Brooklyn Nets,Houston Rockets,110 - 105,,2015-2016
08/12/2015 08:00,Memphis Grizzlies,Oklahoma City Thunder,88 - 125,,2015-2016
08/12/2015 09:00,Denver Nuggets,Orlando Magic,74 - 85,,2015-2016
08/12/2015 10:00,Sacramento Kings,Utah Jazz,114 - 106,,2015-2016
09/12/2015 07:00,Boston Celtics,Chicago Bulls,105 - 100,,2015-2016
09/12/2015 07:00,Charlotte Hornets,Miami Heat,99 - 81,,2015-2016
09/12/2015 07:00,Washington Wizards,Houston Rockets,103 - 109,,2015-2016
09/12/2015 07:30,Detroit Pistons,Memphis Grizzlies,92 - 93,,2015-2016
09/12/2015 07:30,Toronto Raptors,San Antonio Spurs,97 - 94,,2015-2016
09/12/2015 08:00,Milwaukee Bucks,Los Angeles Clippers,95 - 109,,2015-2016
09/12/2015 08:00,Minnesota Timberwolves,Los Angeles Lakers,123 - 122,OT,2015-2016
09/12/2015 09:00,Phoenix Suns,Orlando Magic,107 - 104,,2015-2016
09/12/2015 09:00,Utah Jazz,New York Knicks,106 - 85,,2015-2016
09/12/2015 09:30,Dallas Mavericks,Atlanta Hawks,95 - 98,,2015-2016
10/12/2015 07:30,Brooklyn Nets,Philadelphia 76ers,100 - 91,,2015-2016
10/12/2015 08:00,Chicago Bulls,Los Angeles Clippers,83 - 80,,2015-2016
10/12/2015 08:00,Oklahoma City Thunder,Atlanta Hawks,107 - 94,,2015-2016
10/12/2015 10:30,Sacramento Kings,New York Knicks,99 - 97,,2015-2016
11/12/2015 07:00,Indiana Pacers,Miami Heat,96 - 83,,2015-2016
11/12/2015 07:00,Orlando Magic,Cleveland Cavaliers,76 - 111,,2015-2016
11/12/2015 07:00,Philadelphia 76ers,Detroit Pistons,95 - 107,,2015-2016
11/12/2015 07:30,Boston Celtics,Golden State Warriors,119 - 124,2OT,2015-2016
11/12/2015 07:30,Toronto Raptors,Milwaukee Bucks,90 - 83,,2015-2016
11/12/2015 08:00,Memphis Grizzlies,Charlotte Hornets,99 - 123,,2015-2016
11/12/2015 08:00,New Orleans Pelicans,Washington Wizards,107 - 105,,2015-2016
11/12/2015 09:00,Denver Nuggets,Minnesota Timberwolves,111 - 108,OT,2015-2016
11/12/2015 09:00,Utah Jazz,Oklahoma City Thunder,90 - 94,,2015-2016
11/12/2015 09:30,Phoenix Suns,Portland Trail Blazers,96 - 106,,2015-2016
11/12/2015 09:30,San Antonio Spurs,Los Angeles Lakers,109 - 87,,2015-2016
12/12/2015 05:00,Brooklyn Nets,Los Angeles Clippers,100 - 105,,2015-2016
12/12/2015 07:00,Charlotte Hornets,Boston Celtics,93 - 98,,2015-2016
12/12/2015 07:30,Detroit Pistons,Indiana Pacers,118 - 96,,2015-2016
12/12/2015 08:00,Atlanta Hawks,San Antonio Spurs,78 - 103,,2015-2016
12/12/2015 08:00,Chicago Bulls,New Orleans Pelicans,98 - 94,,2015-2016
12/12/2015 08:00,Houston Rockets,Los Angeles Lakers,126 - 97,,2015-2016
12/12/2015 08:30,Dallas Mavericks,Washington Wizards,111 - 114,,2015-2016
12/12/2015 08:30,Milwaukee Bucks,Golden State Warriors,108 - 95,,2015-2016
12/12/2015 10:00,Portland Trail Blazers,New York Knicks,110 - 112,,2015-2016
13/12/2015 03:30,Phoenix Suns,Minnesota Timberwolves,108 - 101,,2015-2016
13/12/2015 06:00,Miami Heat,Memphis Grizzlies,100 - 97,,2015-2016
13/12/2015 06:00,Toronto Raptors,Philadelphia 76ers,96 - 76,,2015-2016
13/12/2015 07:00,Oklahoma City Thunder,Utah Jazz,104 - 98,OT,2015-2016
14/12/2015 07:00,Indiana Pacers,Toronto Raptors,106 - 90,,2015-2016
14/12/2015 07:30,Brooklyn Nets,Orlando Magic,82 - 105,,2015-2016
14/12/2015 07:30,Detroit Pistons,Los Angeles Clippers,103 - 105,OT,2015-2016
14/12/2015 08:00,Atlanta Hawks,Miami Heat,88 - 100,,2015-2016
14/12/2015 08:00,Chicago Bulls,Philadelphia 76ers,115 - 96,,2015-2016
14/12/2015 08:00,Memphis Grizzlies,Washington Wizards,112 - 95,,2015-2016
14/12/2015 08:30,Dallas Mavericks,Phoenix Suns,104 - 94,,2015-2016
14/12/2015 08:30,San Antonio Spurs,Utah Jazz,118 - 81,,2015-2016
14/12/2015 09:00,Denver Nuggets,Houston Rockets,114 - 108,,2015-2016
14/12/2015 10:00,Portland Trail Blazers,New Orleans Pelicans,105 - 101,,2015-2016
15/12/2015 07:30,Boston Celtics,Cleveland Cavaliers,77 - 89,,2015-2016
15/12/2015 08:00,Minnesota Timberwolves,Denver Nuggets,100 - 112,,2015-2016
15/12/2015 10:00,Sacramento Kings,Houston Rockets,107 - 97,,2015-2016
15/12/2015 10:30,Los Angeles Lakers,Milwaukee Bucks,113 - 95,,2015-2016
16/12/2015 07:00,Indiana Pacers,Dallas Mavericks,107 - 81,,2015-2016
16/12/2015 07:00,Orlando Magic,Charlotte Hornets,113 - 98,,2015-2016
16/12/2015 07:30,Brooklyn Nets,Miami Heat,98 - 104,,2015-2016
16/12/2015 07:30,Detroit Pistons,Boston Celtics,119 - 116,,2015-2016
16/12/2015 07:30,New York Knicks,Minnesota Timberwolves,107 - 102,,2015-2016
16/12/2015 08:00,Atlanta Hawks,Philadelphia 76ers,127 - 106,,2015-2016
16/12/2015 08:00,Chicago Bulls,Memphis Grizzlies,98 - 85,,2015-2016
16/12/2015 08:00,Oklahoma City Thunder,Portland Trail Blazers,106 - 90,,2015-2016
16/12/2015 08:30,San Antonio Spurs,Washington Wizards,114 - 95,,2015-2016
16/12/2015 09:00,Utah Jazz,New Orleans Pelicans,94 - 104,,2015-2016
16/12/2015 10:30,Golden State Warriors,Phoenix Suns,128 - 103,,2015-2016
16/12/2015 10:30,Los Angeles Clippers,Milwaukee Bucks,103 - 90,,2015-2016
17/12/2015 07:00,Charlotte Hornets,Toronto Raptors,109 - 99,OT,2015-2016
17/12/2015 08:00,Cleveland Cavaliers,Oklahoma City Thunder,104 - 100,,2015-2016
17/12/2015 10:30,Los Angeles Lakers,Houston Rockets,87 - 107,,2015-2016
18/12/2015 07:00,Indiana Pacers,Brooklyn Nets,104 - 97,,2015-2016
18/12/2015 07:00,Orlando Magic,Portland Trail Blazers,102 - 94,,2015-2016
18/12/2015 07:00,Philadelphia 76ers,New York Knicks,97 - 107,,2015-2016
18/12/2015 07:30,Boston Celtics,Atlanta Hawks,101 - 109,,2015-2016
18/12/2015 08:00,Chicago Bulls,Detroit Pistons,144 - 147,4OT,2015-2016
18/12/2015 08:00,Miami Heat,Toronto Raptors,94 - 108,,2015-2016
18/12/2015 08:00,Minnesota Timberwolves,Sacramento Kings,99 - 95,,2015-2016
18/12/2015 08:00,San Antonio Spurs,Los Angeles Clippers,115 - 107,,2015-2016
18/12/2015 08:30,Dallas Mavericks,Memphis Grizzlies,97 - 88,,2015-2016
18/12/2015 09:00,Utah Jazz,Denver Nuggets,97 - 88,,2015-2016
18/12/2015 10:30,Golden State Warriors,Milwaukee Bucks,121 - 112,,2015-2016
18/12/2015 10:30,Phoenix Suns,New Orleans Pelicans,104 - 88,,2015-2016
19/12/2015 05:00,Oklahoma City Thunder,Los Angeles Lakers,118 - 78,,2015-2016
19/12/2015 07:00,Washington Wizards,Charlotte Hornets,109 - 101,,2015-2016
19/12/2015 07:30,New York Knicks,Chicago Bulls,107 - 91,,2015-2016
19/12/2015 08:00,Houston Rockets,Los Angeles Clippers,107 - 97,,2015-2016
19/12/2015 08:00,Memphis Grizzlies,Indiana Pacers,96 - 84,,2015-2016
20/12/2015 01:00,Brooklyn Nets,Minnesota Timberwolves,85 - 100,,2015-2016
20/12/2015 01:00,Miami Heat,Portland Trail Blazers,116 - 109,,2015-2016
20/12/2015 03:30,Cleveland Cavaliers,Philadelphia 76ers,108 - 86,,2015-2016
20/12/2015 05:00,Phoenix Suns,Milwaukee Bucks,95 - 101,,2015-2016
20/12/2015 06:00,Orlando Magic,Atlanta Hawks,100 - 103,,2015-2016
20/12/2015 06:00,Toronto Raptors,Sacramento Kings,94 - 104,,2015-2016
20/12/2015 08:00,Denver Nuggets,New Orleans Pelicans,125 - 130,,2015-2016
21/12/2015 07:00,Washington Wizards,Sacramento Kings,113 - 99,,2015-2016
21/12/2015 07:30,Boston Celtics,Minnesota Timberwolves,113 - 99,,2015-2016
21/12/2015 07:30,New York Knicks,Orlando Magic,99 - 107,,2015-2016
21/12/2015 08:00,Atlanta Hawks,Portland Trail Blazers,106 - 97,,2015-2016
21/12/2015 08:00,Chicago Bulls,Brooklyn Nets,102 - 105,,2015-2016
21/12/2015 08:00,Houston Rockets,Charlotte Hornets,102 - 95,,2015-2016
21/12/2015 08:30,San Antonio Spurs,Indiana Pacers,106 - 92,,2015-2016
21/12/2015 09:00,Utah Jazz,Phoenix Suns,110 - 89,,2015-2016
21/12/2015 10:30,Los Angeles Clippers,Oklahoma City Thunder,99 - 100,,2015-2016
22/12/2015 07:00,Philadelphia 76ers,Memphis Grizzlies,90 - 104,,2015-2016
22/12/2015 07:30,Miami Heat,Detroit Pistons,92 - 93,,2015-2016
22/12/2015 07:30,Toronto Raptors,Dallas Mavericks,103 - 99,,2015-2016
22/12/2015 09:00,Denver Nuggets,Los Angeles Lakers,107 - 111,,2015-2016
23/12/2015 07:00,Charlotte Hornets,Boston Celtics,89 - 102,,2015-2016
23/12/2015 07:00,Cleveland Cavaliers,New York Knicks,91 - 84,,2015-2016
23/12/2015 07:00,Indiana Pacers,Sacramento Kings,106 - 108,,2015-2016
23/12/2015 07:00,Orlando Magic,Houston Rockets,104 - 101,,2015-2016
23/12/2015 07:00,Washington Wizards,Memphis Grizzlies,100 - 91,,2015-2016
23/12/2015 07:30,Brooklyn Nets,Dallas Mavericks,118 - 119,OT,2015-2016
23/12/2015 08:00,Atlanta Hawks,Detroit Pistons,107 - 100,,2015-2016
23/12/2015 08:00,Milwaukee Bucks,Philadelphia 76ers,113 - 100,,2015-2016
23/12/2015 08:00,Minnesota Timberwolves,San Antonio Spurs,83 - 108,,2015-2016
23/12/2015 08:00,New Orleans Pelicans,Portland Trail Blazers,115 - 89,,2015-2016
23/12/2015 09:00,Phoenix Suns,Denver Nuggets,96 - 104,,2015-2016
23/12/2015 10:30,Golden State Warriors,Utah Jazz,103 - 85,,2015-2016
23/12/2015 10:30,Los Angeles Lakers,Oklahoma City Thunder,85 - 120,,2015-2016
25/12/2015 12:00,Miami Heat,New Orleans Pelicans,94 - 88,OT,2015-2016
25/12/2015 02:30,Oklahoma City Thunder,Chicago Bulls,96 - 105,,2015-2016
25/12/2015 05:00,Golden State Warriors,Cleveland Cavaliers,89 - 83,,2015-2016
25/12/2015 08:00,Houston Rockets,San Antonio Spurs,88 - 84,,2015-2016
25/12/2015 10:30,Los Angeles Lakers,Los Angeles Clippers,84 - 94,,2015-2016
26/12/2015 04:00,Brooklyn Nets,Washington Wizards,96 - 111,,2015-2016
26/12/2015 05:00,Milwaukee Bucks,Toronto Raptors,90 - 111,,2015-2016
26/12/2015 07:00,Charlotte Hornets,Memphis Grizzlies,98 - 92,,2015-2016
26/12/2015 07:00,New Orleans Pelicans,Houston Rockets,110 - 108,,2015-2016
26/12/2015 07:00,Orlando Magic,Miami Heat,101 - 108,,2015-2016
26/12/2015 07:30,Atlanta Hawks,New York Knicks,117 - 98,,2015-2016
26/12/2015 07:30,Detroit Pistons,Boston Celtics,93 - 99,,2015-2016
26/12/2015 08:00,Minnesota Timberwolves,Indiana Pacers,88 - 102,,2015-2016
26/12/2015 08:30,Dallas Mavericks,Chicago Bulls,118 - 111,,2015-2016
26/12/2015 08:30,San Antonio Spurs,Denver Nuggets,101 - 86,,2015-2016
26/12/2015 09:00,Phoenix Suns,Philadelphia 76ers,104 - 111,,2015-2016
26/12/2015 09:00,Utah Jazz,Los Angeles Clippers,104 - 109,,2015-2016
26/12/2015 10:00,Portland Trail Blazers,Cleveland Cavaliers,105 - 76,,2015-2016
27/12/2015 06:00,Memphis Grizzlies,Los Angeles Lakers,112 - 96,,2015-2016
27/12/2015 07:00,Boston Celtics,New York Knicks,100 - 91,,2015-2016
27/12/2015 07:00,Oklahoma City Thunder,Denver Nuggets,122 - 112,,2015-2016
27/12/2015 09:00,Sacramento Kings,Portland Trail Blazers,94 - 98,,2015-2016
28/12/2015 07:00,Charlotte Hornets,Los Angeles Lakers,108 - 98,,2015-2016
28/12/2015 07:00,Indiana Pacers,Atlanta Hawks,93 - 87,,2015-2016
28/12/2015 07:00,Orlando Magic,New Orleans Pelicans,104 - 89,,2015-2016
28/12/2015 07:00,Washington Wizards,Los Angeles Clippers,91 - 108,,2015-2016
28/12/2015 07:30,Miami Heat,Brooklyn Nets,105 - 111,,2015-2016
28/12/2015 08:00,Chicago Bulls,Toronto Raptors,104 - 97,,2015-2016
28/12/2015 08:30,Dallas Mavericks,Milwaukee Bucks,103 - 93,,2015-2016
28/12/2015 08:30,San Antonio Spurs,Minnesota Timberwolves,101 - 95,,2015-2016
28/12/2015 09:00,Phoenix Suns,Cleveland Cavaliers,97 - 101,,2015-2016
28/12/2015 09:00,Utah Jazz,Philadelphia 76ers,95 - 91,,2015-2016
28/12/2015 10:30,Golden State Warriors,Sacramento Kings,122 - 103,,2015-2016
29/12/2015 07:30,New York Knicks,Detroit Pistons,108 - 96,,2015-2016
29/12/2015 08:00,Houston Rockets,Atlanta Hawks,115 - 121,,2015-2016
29/12/2015 08:00,Memphis Grizzlies,Miami Heat,99 - 90,OT,2015-2016
29/12/2015 08:00,Oklahoma City Thunder,Milwaukee Bucks,131 - 123,,2015-2016
29/12/2015 09:00,Denver Nuggets,Cleveland Cavaliers,87 - 93,,2015-2016
30/12/2015 07:00,Charlotte Hornets,Los Angeles Clippers,117 - 122,,2015-2016
30/12/2015 07:00,Orlando Magic,Brooklyn Nets,100 - 93,,2015-2016
30/12/2015 07:30,Boston Celtics,Los Angeles Lakers,104 - 112,,2015-2016
30/12/2015 07:30,Toronto Raptors,Washington Wizards,94 - 91,,2015-2016
30/12/2015 08:00,Chicago Bulls,Indiana Pacers,102 - 100,OT,2015-2016
30/12/2015 08:00,Minnesota Timberwolves,Utah Jazz,94 - 80,,2015-2016
30/12/2015 08:30,Dallas Mavericks,Golden State Warriors,114 - 91,,2015-2016
30/12/2015 08:30,San Antonio Spurs,Phoenix Suns,112 - 79,,2015-2016
30/12/2015 10:00,Portland Trail Blazers,Denver Nuggets,110 - 103,,2015-2016
30/12/2015 10:00,Sacramento Kings,Philadelphia 76ers,105 - 110,,2015-2016
31/12/2015 06:00,Detroit Pistons,Minnesota Timberwolves,115 - 90,,2015-2016
31/12/2015 06:00,Indiana Pacers,Milwaukee Bucks,116 - 120,,2015-2016
31/12/2015 07:00,Houston Rockets,Golden State Warriors,110 - 114,,2015-2016
31/12/2015 08:00,New Orleans Pelicans,Los Angeles Clippers,89 - 95,,2015-2016
31/12/2015 08:00,Oklahoma City Thunder,Phoenix Suns,110 - 106,,2015-2016
31/12/2015 09:00,Utah Jazz,Portland Trail Blazers,109 - 96,,2015-2016
01/01/2016 07:00,Washington Wizards,Orlando Magic,103 - 91,,2015-2016
01/01/2016 07:30,Miami Heat,Dallas Mavericks,106 - 82,,2015-2016
01/01/2016 07:30,Toronto Raptors,Charlotte Hornets,104 - 94,,2015-2016
01/01/2016 08:00,Chicago Bulls,New York Knicks,108 - 81,,2015-2016
01/01/2016 10:30,Los Angeles Lakers,Philadelphia 76ers,93 - 84,,2015-2016
02/01/2016 03:00,Boston Celtics,Brooklyn Nets,97 - 100,,2015-2016
02/01/2016 05:00,Sacramento Kings,Phoenix Suns,142 - 119,,2015-2016
02/01/2016 07:00,Charlotte Hornets,Oklahoma City Thunder,90 - 109,,2015-2016
02/01/2016 07:00,Indiana Pacers,Detroit Pistons,94 - 82,,2015-2016
02/01/2016 07:30,Cleveland Cavaliers,Orlando Magic,104 - 79,,2015-2016
02/01/2016 08:00,Minnesota Timberwolves,Milwaukee Bucks,85 - 95,,2015-2016
02/01/2016 08:30,Dallas Mavericks,New Orleans Pelicans,98 - 105,,2015-2016
02/01/2016 08:30,San Antonio Spurs,Houston Rockets,121 - 103,,2015-2016
02/01/2016 09:00,Utah Jazz,Memphis Grizzlies,92 - 87,OT,2015-2016
02/01/2016 10:30,Golden State Warriors,Denver Nuggets,111 - 108,OT,2015-2016
02/01/2016 10:30,Los Angeles Clippers,Philadelphia 76ers,130 - 99,,2015-2016
03/01/2016 03:30,New York Knicks,Atlanta Hawks,111 - 97,,2015-2016
03/01/2016 03:30,Toronto Raptors,Chicago Bulls,113 - 115,,2015-2016
03/01/2016 06:00,Washington Wizards,Miami Heat,75 - 97,,2015-2016
03/01/2016 09:00,Denver Nuggets,Portland Trail Blazers,106 - 112,,2015-2016
03/01/2016 09:30,Los Angeles Lakers,Phoenix Suns,97 - 77,,2015-2016
04/01/2016 07:00,Cleveland Cavaliers,Toronto Raptors,122 - 100,,2015-2016
04/01/2016 07:00,Philadelphia 76ers,Minnesota Timberwolves,109 - 99,,2015-2016
04/01/2016 07:30,Brooklyn Nets,Boston Celtics,94 - 103,,2015-2016
04/01/2016 07:30,Detroit Pistons,Orlando Magic,115 - 89,,2015-2016
04/01/2016 07:30,Miami Heat,Indiana Pacers,103 - 100,OT,2015-2016
04/01/2016 08:00,Milwaukee Bucks,San Antonio Spurs,98 - 123,,2015-2016
04/01/2016 08:00,Oklahoma City Thunder,Sacramento Kings,104 - 116,,2015-2016
04/01/2016 09:00,Utah Jazz,Houston Rockets,91 - 93,,2015-2016
04/01/2016 10:00,Portland Trail Blazers,Memphis Grizzlies,78 - 91,,2015-2016
04/01/2016 10:30,Golden State Warriors,Charlotte Hornets,111 - 101,,2015-2016
05/01/2016 08:00,Atlanta Hawks,New York Knicks,101 - 107,,2015-2016
05/01/2016 08:00,Chicago Bulls,Milwaukee Bucks,117 - 106,,2015-2016
05/01/2016 08:30,Dallas Mavericks,Sacramento Kings,117 - 116,2OT,2015-2016
05/01/2016 10:30,Los Angeles Lakers,Golden State Warriors,88 - 109,,2015-2016
06/01/2016 07:00,Miami Heat,New York Knicks,90 - 98,,2015-2016
06/01/2016 07:00,Orlando Magic,Indiana Pacers,86 - 95,,2015-2016
06/01/2016 07:00,Washington Wizards,Cleveland Cavaliers,115 - 121,,2015-2016
06/01/2016 07:30,Boston Celtics,Detroit Pistons,94 - 99,,2015-2016
06/01/2016 07:30,Brooklyn Nets,Toronto Raptors,74 - 91,,2015-2016
06/01/2016 08:00,Minnesota Timberwolves,Denver Nuggets,74 - 78,,2015-2016
06/01/2016 08:00,New Orleans Pelicans,Dallas Mavericks,91 - 100,,2015-2016
06/01/2016 08:30,San Antonio Spurs,Utah Jazz,123 - 98,,2015-2016
06/01/2016 09:00,Phoenix Suns,Charlotte Hornets,111 - 102,,2015-2016
06/01/2016 09:30,Oklahoma City Thunder,Memphis Grizzlies,112 - 94,,2015-2016
06/01/2016 10:00,Portland Trail Blazers,Los Angeles Clippers,98 - 109,,2015-2016
07/01/2016 07:00,Philadelphia 76ers,Atlanta Hawks,98 - 126,,2015-2016
07/01/2016 08:00,Chicago Bulls,Boston Celtics,101 - 92,,2015-2016
07/01/2016 08:00,Houston Rockets,Utah Jazz,103 - 94,,2015-2016
07/01/2016 10:30,Sacramento Kings,Los Angeles Lakers,118 - 115,,2015-2016
08/01/2016 07:00,Washington Wizards,Toronto Raptors,88 - 97,,2015-2016
08/01/2016 07:30,Brooklyn Nets,Orlando Magic,77 - 83,,2015-2016
08/01/2016 08:00,Memphis Grizzlies,Denver Nuggets,91 - 84,,2015-2016
08/01/2016 08:00,Milwaukee Bucks,Dallas Mavericks,96 - 95,,2015-2016
08/01/2016 08:00,Minnesota Timberwolves,Cleveland Cavaliers,99 - 125,,2015-2016
08/01/2016 08:00,New Orleans Pelicans,Indiana Pacers,86 - 91,,2015-2016
08/01/2016 08:30,San Antonio Spurs,New York Knicks,100 - 99,,2015-2016
08/01/2016 09:30,Phoenix Suns,Miami Heat,95 - 103,,2015-2016
08/01/2016 10:00,Portland Trail Blazers,Golden State Warriors,108 - 128,,2015-2016
08/01/2016 10:30,Los Angeles Lakers,Oklahoma City Thunder,113 - 117,,2015-2016
09/01/2016 03:30,Los Angeles Clippers,Charlotte Hornets,97 - 83,,2015-2016
09/01/2016 05:00,Atlanta Hawks,Chicago Bulls,120 - 105,,2015-2016
09/01/2016 07:00,Orlando Magic,Washington Wizards,99 - 105,,2015-2016
09/01/2016 07:30,Detroit Pistons,Brooklyn Nets,103 - 89,,2015-2016
09/01/2016 07:30,Philadelphia 76ers,Toronto Raptors,95 - 108,,2015-2016
09/01/2016 09:00,Utah Jazz,Miami Heat,98 - 83,,2015-2016
09/01/2016 10:00,Sacramento Kings,Golden State Warriors,116 - 128,,2015-2016
10/01/2016 03:30,Los Angeles Clippers,New Orleans Pelicans,114 - 111,OT,2015-2016
10/01/2016 05:00,Minnesota Timberwolves,Dallas Mavericks,87 - 93,,2015-2016
10/01/2016 06:00,Memphis Grizzlies,Boston Celtics,101 - 98,,2015-2016
10/01/2016 06:00,Philadelphia 76ers,Cleveland Cavaliers,85 - 95,,2015-2016
10/01/2016 07:00,Houston Rockets,Indiana Pacers,107 - 103,OT,2015-2016
10/01/2016 07:30,New York Knicks,Milwaukee Bucks,100 - 88,,2015-2016
10/01/2016 08:00,Denver Nuggets,Charlotte Hornets,95 - 92,,2015-2016
10/01/2016 09:00,Portland Trail Blazers,Oklahoma City Thunder,115 - 110,,2015-2016
10/01/2016 09:30,Los Angeles Lakers,Utah Jazz,74 - 86,,2015-2016
11/01/2016 07:30,Brooklyn Nets,San Antonio Spurs,79 - 106,,2015-2016
11/01/2016 08:00,Chicago Bulls,Washington Wizards,100 - 114,,2015-2016
11/01/2016 10:30,Golden State Warriors,Miami Heat,111 - 103,,2015-2016
12/01/2016 07:00,Indiana Pacers,Phoenix Suns,116 - 97,,2015-2016
12/01/2016 07:30,Detroit Pistons,San Antonio Spurs,99 - 109,,2015-2016
12/01/2016 07:30,New York Knicks,Boston Celtics,120 - 114,,2015-2016
12/01/2016 08:00,Memphis Grizzlies,Houston Rockets,91 - 107,,2015-2016
12/01/2016 08:00,Milwaukee Bucks,Chicago Bulls,106 - 101,,2015-2016
12/01/2016 08:00,Minnesota Timberwolves,Oklahoma City Thunder,96 - 101,,2015-2016
12/01/2016 08:30,Dallas Mavericks,Cleveland Cavaliers,107 - 110,OT,2015-2016
12/01/2016 10:30,Los Angeles Lakers,New Orleans Pelicans,95 - 91,,2015-2016
13/01/2016 07:00,Charlotte Hornets,Atlanta Hawks,107 - 84,,2015-2016
13/01/2016 07:00,Washington Wizards,Milwaukee Bucks,106 - 101,,2015-2016
13/01/2016 07:30,Brooklyn Nets,New York Knicks,110 - 104,,2015-2016
13/01/2016 08:00,Boston Celtics,Indiana Pacers,103 - 94,,2015-2016
13/01/2016 08:00,Houston Rockets,Minnesota Timberwolves,107 - 104,,2015-2016
13/01/2016 08:00,Oklahoma City Thunder,Dallas Mavericks,108 - 89,,2015-2016
13/01/2016 09:00,Denver Nuggets,Golden State Warriors,112 - 110,,2015-2016
13/01/2016 10:00,Portland Trail Blazers,Utah Jazz,99 - 85,,2015-2016
13/01/2016 10:00,Sacramento Kings,New Orleans Pelicans,97 - 109,,2015-2016
13/01/2016 10:30,Los Angeles Clippers,Miami Heat,104 - 90,,2015-2016
14/01/2016 03:00,Orlando Magic,Toronto Raptors,103 - 106,OT,2015-2016
14/01/2016 07:00,Philadelphia 76ers,Chicago Bulls,111 - 115,OT,2015-2016
14/01/2016 08:00,Memphis Grizzlies,Detroit Pistons,103 - 101,,2015-2016
14/01/2016 08:00,San Antonio Spurs,Cleveland Cavaliers,99 - 95,,2015-2016
14/01/2016 09:00,Utah Jazz,Sacramento Kings,101 - 103,,2015-2016
14/01/2016 10:30,Golden State Warriors,Los Angeles Lakers,116 - 98,,2015-2016
15/01/2016 07:00,Indiana Pacers,Washington Wizards,104 - 118,,2015-2016
15/01/2016 07:00,Oklahoma City Thunder,Minnesota Timberwolves,113 - 93,,2015-2016
15/01/2016 07:30,Boston Celtics,Phoenix Suns,117 - 103,,2015-2016
15/01/2016 07:30,Brooklyn Nets,Portland Trail Blazers,104 - 116,,2015-2016
15/01/2016 08:00,Chicago Bulls,Dallas Mavericks,77 - 83,,2015-2016
15/01/2016 08:00,Milwaukee Bucks,Atlanta Hawks,108 - 101,OT,2015-2016
15/01/2016 08:00,New Orleans Pelicans,Charlotte Hornets,109 - 107,,2015-2016
15/01/2016 09:00,Denver Nuggets,Miami Heat,95 - 98,,2015-2016
15/01/2016 09:30,Houston Rockets,Cleveland Cavaliers,77 - 91,,2015-2016
16/01/2016 07:00,Charlotte Hornets,Milwaukee Bucks,92 - 105,,2015-2016
16/01/2016 07:30,Atlanta Hawks,Brooklyn Nets,114 - 86,,2015-2016
16/01/2016 07:30,Detroit Pistons,Golden State Warriors,113 - 95,,2015-2016
16/01/2016 07:30,Philadelphia 76ers,Portland Trail Blazers,114 - 89,,2015-2016
16/01/2016 07:30,Washington Wizards,Boston Celtics,117 - 119,,2015-2016
16/01/2016 08:00,Memphis Grizzlies,New York Knicks,103 - 95,,2015-2016
16/01/2016 09:00,Utah Jazz,Los Angeles Lakers,109 - 82,,2015-2016
16/01/2016 10:30,Los Angeles Clippers,Sacramento Kings,103 - 110,,2015-2016
17/01/2016 03:30,Minnesota Timberwolves,Phoenix Suns,117 - 87,,2015-2016
17/01/2016 07:00,Oklahoma City Thunder,Miami Heat,99 - 74,,2015-2016
17/01/2016 07:00,San Antonio Spurs,Dallas Mavericks,112 - 83,,2015-2016
17/01/2016 08:00,Denver Nuggets,Indiana Pacers,129 - 126,,2015-2016
17/01/2016 09:30,Los Angeles Lakers,Houston Rockets,95 - 112,,2015-2016
18/01/2016 01:00,New York Knicks,Philadelphia 76ers,119 - 113,2OT,2015-2016
18/01/2016 02:00,Charlotte Hornets,Utah Jazz,124 - 119,2OT,2015-2016
18/01/2016 02:00,Washington Wizards,Portland Trail Blazers,98 - 108,,2015-2016
18/01/2016 02:30,Memphis Grizzlies,New Orleans Pelicans,101 - 99,,2015-2016
18/01/2016 03:30,Detroit Pistons,Chicago Bulls,101 - 111,,2015-2016
18/01/2016 05:00,Atlanta Hawks,Orlando Magic,98 - 81,,2015-2016
18/01/2016 07:30,Toronto Raptors,Brooklyn Nets,112 - 100,,2015-2016
18/01/2016 08:00,Cleveland Cavaliers,Golden State Warriors,98 - 132,,2015-2016
18/01/2016 08:30,Dallas Mavericks,Boston Celtics,118 - 113,OT,2015-2016
18/01/2016 10:30,Los Angeles Clippers,Houston Rockets,140 - 132,OT,2015-2016
19/01/2016 07:30,Miami Heat,Milwaukee Bucks,79 - 91,,2015-2016
19/01/2016 08:00,New Orleans Pelicans,Minnesota Timberwolves,114 - 99,,2015-2016
19/01/2016 09:00,Denver Nuggets,Oklahoma City Thunder,104 - 110,,2015-2016
19/01/2016 09:00,Phoenix Suns,Indiana Pacers,94 - 97,,2015-2016
20/01/2016 07:00,Orlando Magic,Philadelphia 76ers,87 - 96,,2015-2016
20/01/2016 07:00,Washington Wizards,Miami Heat,106 - 87,,2015-2016
20/01/2016 07:30,Brooklyn Nets,Cleveland Cavaliers,78 - 91,,2015-2016
20/01/2016 07:30,New York Knicks,Utah Jazz,118 - 111,OT,2015-2016
20/01/2016 07:30,Toronto Raptors,Boston Celtics,115 - 109,,2015-2016
20/01/2016 08:00,Chicago Bulls,Golden State Warriors,94 - 125,,2015-2016
20/01/2016 08:00,Houston Rockets,Detroit Pistons,114 - 123,,2015-2016
20/01/2016 08:00,Oklahoma City Thunder,Charlotte Hornets,109 - 95,,2015-2016
20/01/2016 08:30,Dallas Mavericks,Minnesota Timberwolves,106 - 94,OT,2015-2016
20/01/2016 10:30,Los Angeles Lakers,Sacramento Kings,93 - 112,,2015-2016
20/01/2016 10:30,Portland Trail Blazers,Atlanta Hawks,98 - 104,,2015-2016
21/01/2016 08:00,Cleveland Cavaliers,Los Angeles Clippers,115 - 102,,2015-2016
21/01/2016 08:00,New Orleans Pelicans,Detroit Pistons,115 - 99,,2015-2016
21/01/2016 09:00,Denver Nuggets,Memphis Grizzlies,101 - 102,,2015-2016
21/01/2016 10:00,Sacramento Kings,Atlanta Hawks,91 - 88,,2015-2016
21/01/2016 10:30,Phoenix Suns,San Antonio Spurs,89 - 117,,2015-2016
22/01/2016 07:00,Orlando Magic,Charlotte Hornets,116 - 120,OT,2015-2016
22/01/2016 07:30,Boston Celtics,Chicago Bulls,110 - 101,,2015-2016
22/01/2016 07:30,Brooklyn Nets,Utah Jazz,86 - 108,,2015-2016
22/01/2016 07:30,New York Knicks,Los Angeles Clippers,88 - 116,,2015-2016
22/01/2016 08:00,Houston Rockets,Milwaukee Bucks,102 - 98,,2015-2016
22/01/2016 08:00,Toronto Raptors,Miami Heat,101 - 81,,2015-2016
22/01/2016 08:30,Dallas Mavericks,Oklahoma City Thunder,106 - 109,,2015-2016
22/01/2016 10:30,Golden State Warriors,Indiana Pacers,122 - 110,,2015-2016
22/01/2016 10:30,Los Angeles Lakers,San Antonio Spurs,95 - 108,,2015-2016
23/01/2016 07:00,Charlotte Hornets,New York Knicks,97 - 84,,2015-2016
23/01/2016 07:00,New Orleans Pelicans,Milwaukee Bucks,116 - 99,,2015-2016
23/01/2016 08:00,Minnesota Timberwolves,Memphis Grizzlies,106 - 101,,2015-2016
23/01/2016 08:30,Cleveland Cavaliers,Chicago Bulls,83 - 96,,2015-2016
23/01/2016 09:00,Phoenix Suns,Atlanta Hawks,98 - 95,,2015-2016
23/01/2016 09:30,Denver Nuggets,Detroit Pistons,104 - 101,,2015-2016
23/01/2016 10:30,Portland Trail Blazers,Los Angeles Lakers,121 - 103,,2015-2016
23/01/2016 10:30,Sacramento Kings,Indiana Pacers,108 - 97,,2015-2016
24/01/2016 03:30,Houston Rockets,Dallas Mavericks,115 - 104,,2015-2016
24/01/2016 06:00,Toronto Raptors,Los Angeles Clippers,112 - 94,,2015-2016
24/01/2016 07:00,Philadelphia 76ers,Boston Celtics,92 - 112,,2015-2016
24/01/2016 07:30,Brooklyn Nets,Oklahoma City Thunder,116 - 106,,2015-2016
25/01/2016 07:00,Cleveland Cavaliers,Minnesota Timberwolves,114 - 107,,2015-2016
25/01/2016 07:00,Washington Wizards,Boston Celtics,91 - 116,,2015-2016
25/01/2016 08:00,Chicago Bulls,Miami Heat,84 - 89,,2015-2016
25/01/2016 08:00,Memphis Grizzlies,Orlando Magic,108 - 102,OT,2015-2016
25/01/2016 08:00,New Orleans Pelicans,Houston Rockets,111 - 112,,2015-2016
25/01/2016 09:00,Denver Nuggets,Atlanta Hawks,105 - 119,,2015-2016
25/01/2016 09:00,Utah Jazz,Detroit Pistons,92 - 95,,2015-2016
25/01/2016 10:00,Sacramento Kings,Charlotte Hornets,128 - 129,2OT,2015-2016
25/01/2016 10:30,Golden State Warriors,San Antonio Spurs,120 - 90,,2015-2016
26/01/2016 07:00,Indiana Pacers,Los Angeles Clippers,89 - 91,,2015-2016
26/01/2016 07:00,Philadelphia 76ers,Phoenix Suns,113 - 103,,2015-2016
26/01/2016 07:30,Brooklyn Nets,Miami Heat,98 - 102,,2015-2016
26/01/2016 07:30,New York Knicks,Oklahoma City Thunder,122 - 128,OT,2015-2016
26/01/2016 07:30,Toronto Raptors,Washington Wizards,106 - 89,,2015-2016
26/01/2016 08:00,Milwaukee Bucks,Orlando Magic,107 - 100,,2015-2016
26/01/2016 10:00,Portland Trail Blazers,Sacramento Kings,112 - 97,,2015-2016
26/01/2016 10:30,Los Angeles Lakers,Dallas Mavericks,90 - 92,,2015-2016
27/01/2016 07:00,Cleveland Cavaliers,Phoenix Suns,115 - 93,,2015-2016
27/01/2016 07:30,Boston Celtics,Denver Nuggets,111 - 103,,2015-2016
27/01/2016 07:30,Detroit Pistons,Philadelphia 76ers,110 - 97,,2015-2016
27/01/2016 08:00,Atlanta Hawks,Los Angeles Clippers,83 - 85,,2015-2016
27/01/2016 08:00,Minnesota Timberwolves,Oklahoma City Thunder,123 - 126,,2015-2016
27/01/2016 08:00,San Antonio Spurs,Houston Rockets,130 - 99,,2015-2016
27/01/2016 09:00,Utah Jazz,Charlotte Hornets,102 - 73,,2015-2016
27/01/2016 10:30,Golden State Warriors,Dallas Mavericks,127 - 107,,2015-2016
28/01/2016 07:00,Indiana Pacers,Atlanta Hawks,111 - 92,,2015-2016
28/01/2016 07:00,Washington Wizards,Denver Nuggets,113 - 117,,2015-2016
28/01/2016 08:00,Memphis Grizzlies,Milwaukee Bucks,103 - 83,,2015-2016
28/01/2016 08:00,New Orleans Pelicans,Sacramento Kings,114 - 105,,2015-2016
28/01/2016 08:00,Toronto Raptors,New York Knicks,103 - 93,,2015-2016
28/01/2016 10:30,Los Angeles Lakers,Chicago Bulls,91 - 114,,2015-2016
29/01/2016 07:30,Boston Celtics,Orlando Magic,113 - 94,,2015-2016
29/01/2016 07:30,Detroit Pistons,Cleveland Cavaliers,106 - 114,,2015-2016
29/01/2016 07:30,New York Knicks,Phoenix Suns,102 - 84,,2015-2016
29/01/2016 08:00,Milwaukee Bucks,Miami Heat,103 - 107,,2015-2016
29/01/2016 08:00,Oklahoma City Thunder,Houston Rockets,116 - 108,,2015-2016
29/01/2016 08:30,Dallas Mavericks,Brooklyn Nets,91 - 79,,2015-2016
29/01/2016 09:00,Utah Jazz,Minnesota Timberwolves,103 - 90,,2015-2016
29/01/2016 10:00,Portland Trail Blazers,Charlotte Hornets,109 - 91,,2015-2016
29/01/2016 10:30,Los Angeles Clippers,Los Angeles Lakers,105 - 93,,2015-2016
30/01/2016 05:00,Philadelphia 76ers,Golden State Warriors,105 - 108,,2015-2016
30/01/2016 06:30,Toronto Raptors,Detroit Pistons,111 - 107,,2015-2016
30/01/2016 07:00,Indiana Pacers,Denver Nuggets,109 - 105,OT,2015-2016
30/01/2016 07:00,New Orleans Pelicans,Brooklyn Nets,105 - 103,,2015-2016
30/01/2016 08:00,Houston Rockets,Washington Wizards,122 - 123,,2015-2016
30/01/2016 08:00,Memphis Grizzlies,Sacramento Kings,121 - 117,,2015-2016
30/01/2016 08:30,Cleveland Cavaliers,San Antonio Spurs,117 - 103,,2015-2016
31/01/2016 03:30,Los Angeles Clippers,Chicago Bulls,120 - 93,,2015-2016
31/01/2016 06:00,Miami Heat,Atlanta Hawks,105 - 87,,2015-2016
31/01/2016 06:00,Orlando Magic,Boston Celtics,119 - 114,,2015-2016
31/01/2016 07:00,Dallas Mavericks,Phoenix Suns,91 - 78,,2015-2016
31/01/2016 07:30,New York Knicks,Golden State Warriors,95 - 116,,2015-2016
31/01/2016 09:00,Portland Trail Blazers,Minnesota Timberwolves,96 - 93,,2015-2016
31/01/2016 09:30,Los Angeles Lakers,Charlotte Hornets,82 - 101,,2015-2016
01/02/2016 07:00,Indiana Pacers,Cleveland Cavaliers,106 - 111,OT,2015-2016
01/02/2016 07:30,Brooklyn Nets,Detroit Pistons,100 - 105,,2015-2016
01/02/2016 08:00,Atlanta Hawks,Dallas Mavericks,112 - 97,,2015-2016
01/02/2016 08:00,New Orleans Pelicans,Memphis Grizzlies,95 - 110,,2015-2016
01/02/2016 08:00,Oklahoma City Thunder,Washington Wizards,114 - 98,,2015-2016
01/02/2016 08:30,San Antonio Spurs,Orlando Magic,107 - 92,,2015-2016
01/02/2016 09:00,Denver Nuggets,Toronto Raptors,112 - 93,,2015-2016
01/02/2016 09:00,Utah Jazz,Chicago Bulls,105 - 96,OT,2015-2016
01/02/2016 10:00,Sacramento Kings,Milwaukee Bucks,111 - 104,,2015-2016
02/02/2016 07:30,New York Knicks,Boston Celtics,89 - 97,,2015-2016
02/02/2016 08:00,Houston Rockets,Miami Heat,115 - 102,,2015-2016
02/02/2016 09:00,Phoenix Suns,Toronto Raptors,97 - 104,,2015-2016
02/02/2016 10:00,Portland Trail Blazers,Milwaukee Bucks,107 - 95,,2015-2016
02/02/2016 10:30,Los Angeles Lakers,Minnesota Timberwolves,119 - 115,,2015-2016
03/02/2016 07:00,Charlotte Hornets,Cleveland Cavaliers,106 - 97,,2015-2016
03/02/2016 07:00,Philadelphia 76ers,Atlanta Hawks,86 - 124,,2015-2016
03/02/2016 07:30,Boston Celtics,Detroit Pistons,102 - 95,,2015-2016
03/02/2016 07:30,Brooklyn Nets,Indiana Pacers,100 - 114,,2015-2016
03/02/2016 08:00,Oklahoma City Thunder,Orlando Magic,117 - 114,,2015-2016
03/02/2016 08:00,Washington Wizards,Golden State Warriors,121 - 134,,2015-2016
03/02/2016 08:30,Dallas Mavericks,Miami Heat,90 - 93,,2015-2016
03/02/2016 08:30,San Antonio Spurs,New Orleans Pelicans,110 - 97,,2015-2016
03/02/2016 09:00,Utah Jazz,Denver Nuggets,85 - 81,,2015-2016
03/02/2016 10:00,Sacramento Kings,Chicago Bulls,102 - 107,,2015-2016
03/02/2016 10:30,Los Angeles Clippers,Minnesota Timberwolves,102 - 108,,2015-2016
04/02/2016 07:00,Detroit Pistons,New York Knicks,111 - 105,,2015-2016
04/02/2016 09:00,Phoenix Suns,Houston Rockets,105 - 111,,2015-2016
04/02/2016 09:30,New Orleans Pelicans,Los Angeles Lakers,96 - 99,,2015-2016
04/02/2016 10:00,Portland Trail Blazers,Toronto Raptors,103 - 110,,2015-2016
05/02/2016 07:00,Atlanta Hawks,Indiana Pacers,102 - 96,,2015-2016
05/02/2016 07:00,Charlotte Hornets,Miami Heat,95 - 98,,2015-2016
05/02/2016 07:00,Orlando Magic,Los Angeles Clippers,93 - 107,,2015-2016
05/02/2016 07:00,Washington Wizards,Philadelphia 76ers,106 - 94,,2015-2016
05/02/2016 07:30,Brooklyn Nets,Sacramento Kings,128 - 119,,2015-2016
05/02/2016 07:30,Cleveland Cavaliers,Boston Celtics,103 - 104,,2015-2016
05/02/2016 07:30,New York Knicks,Memphis Grizzlies,85 - 91,,2015-2016
05/02/2016 09:00,Denver Nuggets,Chicago Bulls,115 - 110,,2015-2016
05/02/2016 09:00,Utah Jazz,Milwaukee Bucks,84 - 81,,2015-2016
05/02/2016 09:30,Dallas Mavericks,San Antonio Spurs,90 - 116,,2015-2016
06/02/2016 05:00,Houston Rockets,Portland Trail Blazers,79 - 96,,2015-2016
06/02/2016 07:00,Charlotte Hornets,Washington Wizards,108 - 104,,2015-2016
06/02/2016 07:00,Indiana Pacers,Detroit Pistons,112 - 104,,2015-2016
06/02/2016 07:30,Cleveland Cavaliers,New Orleans Pelicans,99 - 84,,2015-2016
06/02/2016 07:30,Philadelphia 76ers,Brooklyn Nets,103 - 98,,2015-2016
06/02/2016 08:00,Memphis Grizzlies,Dallas Mavericks,110 - 114,OT,2015-2016
06/02/2016 08:00,Minnesota Timberwolves,Chicago Bulls,112 - 105,,2015-2016
06/02/2016 08:30,San Antonio Spurs,Los Angeles Lakers,106 - 102,,2015-2016
06/02/2016 09:00,Golden State Warriors,Oklahoma City Thunder,116 - 108,,2015-2016
06/02/2016 09:00,Phoenix Suns,Utah Jazz,89 - 98,,2015-2016
07/02/2016 01:00,Boston Celtics,Sacramento Kings,128 - 119,,2015-2016
07/02/2016 01:00,New York Knicks,Denver Nuggets,96 - 101,,2015-2016
07/02/2016 01:00,Orlando Magic,Atlanta Hawks,96 - 94,,2015-2016
07/02/2016 02:00,Miami Heat,Los Angeles Clippers,93 - 100,,2015-2016
08/02/2016 07:00,Charlotte Hornets,Chicago Bulls,108 - 91,,2015-2016
08/02/2016 07:00,Cleveland Cavaliers,Sacramento Kings,120 - 100,,2015-2016
08/02/2016 07:00,Indiana Pacers,Los Angeles Lakers,89 - 87,,2015-2016
08/02/2016 07:00,Philadelphia 76ers,Los Angeles Clippers,92 - 98,OT,2015-2016
08/02/2016 07:30,Brooklyn Nets,Denver Nuggets,105 - 104,,2015-2016
08/02/2016 07:30,Detroit Pistons,Toronto Raptors,89 - 103,,2015-2016
08/02/2016 08:00,Atlanta Hawks,Orlando Magic,110 - 117,OT,2015-2016
08/02/2016 08:00,Memphis Grizzlies,Portland Trail Blazers,106 - 112,OT,2015-2016
08/02/2016 08:00,Minnesota Timberwolves,New Orleans Pelicans,102 - 116,,2015-2016
08/02/2016 09:00,Phoenix Suns,Oklahoma City Thunder,106 - 122,,2015-2016
09/02/2016 08:00,Miami Heat,San Antonio Spurs,101 - 119,,2015-2016
09/02/2016 08:00,Milwaukee Bucks,Boston Celtics,112 - 111,,2015-2016
09/02/2016 08:00,New York Knicks,Washington Wizards,108 - 111,,2015-2016
09/02/2016 08:30,Dallas Mavericks,Utah Jazz,119 - 121,OT,2015-2016
09/02/2016 10:30,Golden State Warriors,Houston Rockets,123 - 110,,2015-2016
10/02/2016 07:00,Indiana Pacers,Charlotte Hornets,95 - 117,,2015-2016
10/02/2016 07:00,Orlando Magic,San Antonio Spurs,96 - 98,,2015-2016
10/02/2016 07:00,Philadelphia 76ers,Sacramento Kings,110 - 114,,2015-2016
10/02/2016 07:30,Boston Celtics,Los Angeles Clippers,139 - 134,OT,2015-2016
10/02/2016 07:30,Brooklyn Nets,Memphis Grizzlies,90 - 109,,2015-2016
10/02/2016 07:30,Detroit Pistons,Denver Nuggets,92 - 103,,2015-2016
10/02/2016 08:00,Chicago Bulls,Atlanta Hawks,90 - 113,,2015-2016
10/02/2016 08:00,Cleveland Cavaliers,Los Angeles Lakers,120 - 111,,2015-2016
10/02/2016 08:00,Minnesota Timberwolves,Toronto Raptors,117 - 112,,2015-2016
10/02/2016 08:00,New Orleans Pelicans,Utah Jazz,100 - 96,,2015-2016
10/02/2016 09:00,Phoenix Suns,Golden State Warriors,104 - 112,,2015-2016
10/02/2016 10:30,Portland Trail Blazers,Houston Rockets,116 - 103,,2015-2016
11/02/2016 08:00,Milwaukee Bucks,Washington Wizards,99 - 92,,2015-2016
11/02/2016 08:00,Oklahoma City Thunder,New Orleans Pelicans,121 - 95,,2015-2016
18/02/2016 07:00,Washington Wizards,Utah Jazz,103 - 89,,2015-2016
18/02/2016 08:00,Cleveland Cavaliers,Chicago Bulls,106 - 95,,2015-2016
18/02/2016 10:30,Los Angeles Clippers,San Antonio Spurs,105 - 86,,2015-2016
19/02/2016 07:00,Orlando Magic,Dallas Mavericks,110 - 104,OT,2015-2016
19/02/2016 07:00,Washington Wizards,Detroit Pistons,98 - 86,,2015-2016
19/02/2016 07:30,Brooklyn Nets,New York Knicks,109 - 98,,2015-2016
19/02/2016 08:00,Atlanta Hawks,Miami Heat,111 - 115,,2015-2016
19/02/2016 08:00,Chicago Bulls,Toronto Raptors,116 - 106,,2015-2016
19/02/2016 08:00,Memphis Grizzlies,Minnesota Timberwolves,109 - 104,,2015-2016
19/02/2016 08:00,Milwaukee Bucks,Charlotte Hornets,95 - 98,,2015-2016
19/02/2016 08:00,New Orleans Pelicans,Philadelphia 76ers,121 - 114,,2015-2016
19/02/2016 08:00,Oklahoma City Thunder,Indiana Pacers,98 - 101,,2015-2016
19/02/2016 09:30,Phoenix Suns,Houston Rockets,100 - 116,,2015-2016
19/02/2016 10:00,Portland Trail Blazers,Golden State Warriors,137 - 105,,2015-2016
19/02/2016 10:00,Sacramento Kings,Denver Nuggets,116 - 110,,2015-2016
19/02/2016 10:30,Los Angeles Lakers,San Antonio Spurs,113 - 119,,2015-2016
19/02/2016 10:30,Utah Jazz,Boston Celtics,111 - 93,,2015-2016
20/02/2016 07:30,Atlanta Hawks,Milwaukee Bucks,109 - 117,2OT,2015-2016
20/02/2016 07:30,Miami Heat,Washington Wizards,114 - 94,,2015-2016
20/02/2016 08:00,Minnesota Timberwolves,New York Knicks,95 - 103,,2015-2016
20/02/2016 08:30,Los Angeles Clippers,Golden State Warriors,112 - 115,,2015-2016
21/02/2016 03:30,Detroit Pistons,New Orleans Pelicans,106 - 111,,2015-2016
21/02/2016 03:30,Oklahoma City Thunder,Cleveland Cavaliers,92 - 115,,2015-2016
21/02/2016 05:00,Denver Nuggets,Boston Celtics,101 - 121,,2015-2016
21/02/2016 05:00,Phoenix Suns,San Antonio Spurs,111 - 118,,2015-2016
21/02/2016 06:00,Brooklyn Nets,Charlotte Hornets,96 - 104,,2015-2016
21/02/2016 06:00,Orlando Magic,Indiana Pacers,102 - 105,,2015-2016
21/02/2016 06:00,Toronto Raptors,Memphis Grizzlies,98 - 85,,2015-2016
21/02/2016 07:00,Dallas Mavericks,Philadelphia 76ers,129 - 103,,2015-2016
21/02/2016 08:00,Chicago Bulls,Los Angeles Lakers,126 - 115,,2015-2016
21/02/2016 09:00,Portland Trail Blazers,Utah Jazz,115 - 111,,2015-2016
22/02/2016 07:00,Cleveland Cavaliers,Detroit Pistons,88 - 96,,2015-2016
22/02/2016 07:30,Miami Heat,Indiana Pacers,101 - 93,OT,2015-2016
22/02/2016 07:30,New York Knicks,Toronto Raptors,95 - 122,,2015-2016
22/02/2016 08:00,Atlanta Hawks,Golden State Warriors,92 - 102,,2015-2016
22/02/2016 08:00,Milwaukee Bucks,Los Angeles Lakers,108 - 101,,2015-2016
22/02/2016 08:00,Minnesota Timberwolves,Boston Celtics,124 - 122,,2015-2016
22/02/2016 10:30,Los Angeles Clippers,Phoenix Suns,124 - 84,,2015-2016
23/02/2016 07:00,Philadelphia 76ers,Orlando Magic,115 - 124,,2015-2016
23/02/2016 07:00,Washington Wizards,New Orleans Pelicans,109 - 89,,2015-2016
23/02/2016 09:00,Denver Nuggets,Sacramento Kings,110 - 114,,2015-2016
23/02/2016 09:00,Utah Jazz,Houston Rockets,117 - 114,OT,2015-2016
23/02/2016 10:00,Portland Trail Blazers,Brooklyn Nets,112 - 104,,2015-2016
24/02/2016 07:00,Cleveland Cavaliers,Charlotte Hornets,114 - 103,,2015-2016
24/02/2016 07:00,Indiana Pacers,New York Knicks,108 - 105,,2015-2016
24/02/2016 07:30,Detroit Pistons,Philadelphia 76ers,111 - 91,,2015-2016
24/02/2016 07:30,Miami Heat,Golden State Warriors,112 - 118,,2015-2016
24/02/2016 07:30,Toronto Raptors,Minnesota Timberwolves,114 - 105,,2015-2016
24/02/2016 08:00,Chicago Bulls,Washington Wizards,109 - 104,,2015-2016
24/02/2016 08:00,Memphis Grizzlies,Los Angeles Lakers,128 - 119,,2015-2016
24/02/2016 08:30,Dallas Mavericks,Oklahoma City Thunder,103 - 116,,2015-2016
24/02/2016 10:30,Los Angeles Clippers,Denver Nuggets,81 - 87,,2015-2016
24/02/2016 10:30,Sacramento Kings,San Antonio Spurs,92 - 108,,2015-2016
25/02/2016 07:00,Orlando Magic,Golden State Warriors,114 - 130,,2015-2016
25/02/2016 07:30,Boston Celtics,Milwaukee Bucks,112 - 107,,2015-2016
25/02/2016 08:00,New Orleans Pelicans,Oklahoma City Thunder,123 - 119,,2015-2016
25/02/2016 09:00,Phoenix Suns,Brooklyn Nets,106 - 116,,2015-2016
25/02/2016 10:30,Portland Trail Blazers,Houston Rockets,105 - 119,,2015-2016
25/02/2016 10:30,Utah Jazz,San Antonio Spurs,78 - 96,,2015-2016
26/02/2016 07:00,Indiana Pacers,Charlotte Hornets,95 - 96,,2015-2016
26/02/2016 07:00,Philadelphia 76ers,Washington Wizards,94 - 103,,2015-2016
26/02/2016 07:30,New York Knicks,Orlando Magic,108 - 95,,2015-2016
26/02/2016 07:30,Toronto Raptors,Cleveland Cavaliers,99 - 97,,2015-2016
26/02/2016 08:00,Atlanta Hawks,Chicago Bulls,103 - 88,,2015-2016
26/02/2016 08:30,Dallas Mavericks,Denver Nuggets,122 - 116,OT,2015-2016
26/02/2016 10:00,Sacramento Kings,Los Angeles Clippers,107 - 117,,2015-2016
26/02/2016 10:30,Los Angeles Lakers,Memphis Grizzlies,95 - 112,,2015-2016
27/02/2016 03:00,Boston Celtics,Miami Heat,101 - 89,,2015-2016
27/02/2016 07:00,New Orleans Pelicans,Minnesota Timberwolves,110 - 112,,2015-2016
27/02/2016 08:00,Chicago Bulls,Portland Trail Blazers,95 - 103,,2015-2016
27/02/2016 08:00,Houston Rockets,San Antonio Spurs,94 - 104,,2015-2016
27/02/2016 08:30,Milwaukee Bucks,Detroit Pistons,91 - 102,,2015-2016
27/02/2016 08:30,Oklahoma City Thunder,Golden State Warriors,118 - 121,OT,2015-2016
27/02/2016 09:30,Phoenix Suns,Memphis Grizzlies,111 - 106,,2015-2016
27/02/2016 09:30,Utah Jazz,Brooklyn Nets,96 - 98,,2015-2016
28/02/2016 01:00,Washington Wizards,Cleveland Cavaliers,113 - 99,,2015-2016
28/02/2016 03:30,Atlanta Hawks,Charlotte Hornets,87 - 76,,2015-2016
28/02/2016 06:00,Detroit Pistons,Toronto Raptors,114 - 101,,2015-2016
28/02/2016 06:00,Indiana Pacers,Portland Trail Blazers,102 - 111,,2015-2016
28/02/2016 06:00,Orlando Magic,Philadelphia 76ers,130 - 116,,2015-2016
28/02/2016 07:00,Dallas Mavericks,Minnesota Timberwolves,128 - 101,,2015-2016
28/02/2016 07:30,New York Knicks,Miami Heat,81 - 98,,2015-2016
29/02/2016 07:00,Cleveland Cavaliers,Indiana Pacers,100 - 96,,2015-2016
29/02/2016 07:00,Washington Wizards,Philadelphia 76ers,116 - 108,,2015-2016
29/02/2016 07:30,Boston Celtics,Utah Jazz,100 - 95,,2015-2016
29/02/2016 08:00,Milwaukee Bucks,Houston Rockets,128 - 121,,2015-2016
29/02/2016 09:00,Denver Nuggets,Memphis Grizzlies,96 - 103,,2015-2016
29/02/2016 10:00,Sacramento Kings,Oklahoma City Thunder,116 - 131,,2015-2016
29/02/2016 10:30,Los Angeles Clippers,Brooklyn Nets,105 - 95,,2015-2016
01/03/2016 07:00,Charlotte Hornets,Phoenix Suns,126 - 92,,2015-2016
01/03/2016 07:30,Miami Heat,Chicago Bulls,129 - 111,,2015-2016
01/03/2016 07:30,New York Knicks,Portland Trail Blazers,85 - 104,,2015-2016
01/03/2016 08:30,Dallas Mavericks,Orlando Magic,121 - 108,,2015-2016
01/03/2016 10:30,Golden State Warriors,Atlanta Hawks,109 - 105,OT,2015-2016
01/03/2016 10:30,Los Angeles Lakers,Brooklyn Nets,107 - 101,,2015-2016
02/03/2016 07:00,Orlando Magic,Chicago Bulls,102 - 89,,2015-2016
02/03/2016 07:00,Philadelphia 76ers,Charlotte Hornets,99 - 119,,2015-2016
02/03/2016 07:30,Boston Celtics,Portland Trail Blazers,116 - 93,,2015-2016
02/03/2016 07:30,Toronto Raptors,Utah Jazz,104 - 94,,2015-2016
02/03/2016 08:00,Houston Rockets,New Orleans Pelicans,100 - 95,,2015-2016
02/03/2016 08:00,Memphis Grizzlies,Sacramento Kings,104 - 98,,2015-2016
02/03/2016 08:00,Milwaukee Bucks,Indiana Pacers,99 - 104,,2015-2016
02/03/2016 08:00,Minnesota Timberwolves,Washington Wizards,98 - 104,,2015-2016
02/03/2016 08:00,San Antonio Spurs,Detroit Pistons,97 - 81,,2015-2016
02/03/2016 09:00,Denver Nuggets,Los Angeles Lakers,117 - 107,,2015-2016
02/03/2016 10:30,Los Angeles Clippers,Oklahoma City Thunder,103 - 98,,2015-2016
03/03/2016 07:30,Miami Heat,Phoenix Suns,108 - 92,,2015-2016
03/03/2016 08:00,New Orleans Pelicans,San Antonio Spurs,86 - 94,,2015-2016
03/03/2016 08:30,Dallas Mavericks,Sacramento Kings,101 - 104,,2015-2016
03/03/2016 10:30,Golden State Warriors,Oklahoma City Thunder,121 - 106,,2015-2016
04/03/2016 07:00,Charlotte Hornets,Indiana Pacers,108 - 101,,2015-2016
04/03/2016 07:00,Orlando Magic,Phoenix Suns,84 - 102,,2015-2016
04/03/2016 07:00,Philadelphia 76ers,Miami Heat,102 - 112,,2015-2016
04/03/2016 07:30,Boston Celtics,New York Knicks,105 - 104,,2015-2016
04/03/2016 07:30,Toronto Raptors,Portland Trail Blazers,117 - 115,,2015-2016
04/03/2016 08:00,Cleveland Cavaliers,Washington Wizards,108 - 83,,2015-2016
04/03/2016 08:00,Memphis Grizzlies,Utah Jazz,94 - 88,,2015-2016
04/03/2016 08:00,Milwaukee Bucks,Minnesota Timberwolves,116 - 101,,2015-2016
04/03/2016 09:00,Denver Nuggets,Brooklyn Nets,120 - 121,OT,2015-2016
04/03/2016 10:30,Los Angeles Lakers,Atlanta Hawks,77 - 106,,2015-2016
05/03/2016 07:00,Cleveland Cavaliers,Boston Celtics,120 - 103,,2015-2016
05/03/2016 07:00,New Orleans Pelicans,Utah Jazz,94 - 106,,2015-2016
05/03/2016 07:00,New York Knicks,Detroit Pistons,102 - 89,,2015-2016
05/03/2016 07:00,Washington Wizards,Indiana Pacers,99 - 100,,2015-2016
05/03/2016 08:00,Minnesota Timberwolves,Brooklyn Nets,132 - 118,,2015-2016
05/03/2016 08:30,Chicago Bulls,Houston Rockets,108 - 100,,2015-2016
05/03/2016 08:30,San Antonio Spurs,Sacramento Kings,104 - 94,,2015-2016
05/03/2016 10:30,Los Angeles Clippers,Atlanta Hawks,97 - 107,,2015-2016
06/03/2016 03:30,Los Angeles Lakers,Golden State Warriors,112 - 95,,2015-2016
06/03/2016 03:30,Milwaukee Bucks,Oklahoma City Thunder,96 - 104,,2015-2016
06/03/2016 04:00,Memphis Grizzlies,Phoenix Suns,100 - 109,,2015-2016
06/03/2016 05:00,Denver Nuggets,Dallas Mavericks,116 - 114,OT,2015-2016
06/03/2016 06:00,Detroit Pistons,Portland Trail Blazers,123 - 103,,2015-2016
06/03/2016 06:00,Miami Heat,Philadelphia 76ers,103 - 98,,2015-2016
06/03/2016 06:30,Toronto Raptors,Houston Rockets,107 - 113,,2015-2016
07/03/2016 07:00,Charlotte Hornets,Minnesota Timberwolves,108 - 103,,2015-2016
07/03/2016 07:00,Cleveland Cavaliers,Memphis Grizzlies,103 - 106,,2015-2016
07/03/2016 07:00,Indiana Pacers,San Antonio Spurs,99 - 91,,2015-2016
07/03/2016 08:00,Chicago Bulls,Milwaukee Bucks,100 - 90,,2015-2016
07/03/2016 08:00,New Orleans Pelicans,Sacramento Kings,115 - 112,,2015-2016
07/03/2016 08:30,Dallas Mavericks,Los Angeles Clippers,90 - 109,,2015-2016
07/03/2016 10:30,Golden State Warriors,Orlando Magic,119 - 113,,2015-2016
08/03/2016 07:30,Toronto Raptors,Brooklyn Nets,104 - 99,,2015-2016
08/03/2016 08:00,Minnesota Timberwolves,San Antonio Spurs,91 - 116,,2015-2016
08/03/2016 09:00,Denver Nuggets,New York Knicks,110 - 94,,2015-2016
08/03/2016 09:00,Utah Jazz,Atlanta Hawks,84 - 91,,2015-2016
08/03/2016 10:00,Portland Trail Blazers,Washington Wizards,116 - 109,OT,2015-2016
08/03/2016 10:30,Los Angeles Lakers,Orlando Magic,107 - 98,,2015-2016
09/03/2016 07:00,Boston Celtics,Memphis Grizzlies,116 - 96,,2015-2016
09/03/2016 07:00,Charlotte Hornets,New Orleans Pelicans,122 - 113,,2015-2016
09/03/2016 07:00,Philadelphia 76ers,Houston Rockets,104 - 118,,2015-2016
09/03/2016 08:00,Milwaukee Bucks,Miami Heat,114 - 108,,2015-2016
09/03/2016 08:30,Dallas Mavericks,Detroit Pistons,96 - 102,,2015-2016
09/03/2016 09:00,Phoenix Suns,New York Knicks,97 - 128,,2015-2016
09/03/2016 09:30,Oklahoma City Thunder,Los Angeles Clippers,120 - 108,,2015-2016
09/03/2016 10:00,Sacramento Kings,Cleveland Cavaliers,111 - 120,,2015-2016
09/03/2016 10:30,Golden State Warriors,Utah Jazz,115 - 94,,2015-2016
10/03/2016 07:30,Toronto Raptors,Atlanta Hawks,104 - 96,,2015-2016
10/03/2016 08:00,San Antonio Spurs,Chicago Bulls,109 - 101,,2015-2016
10/03/2016 09:00,Denver Nuggets,Phoenix Suns,116 - 98,,2015-2016
10/03/2016 10:30,Los Angeles Lakers,Cleveland Cavaliers,108 - 120,,2015-2016
11/03/2016 07:00,Charlotte Hornets,Detroit Pistons,118 - 103,,2015-2016
11/03/2016 07:00,Philadelphia 76ers,Brooklyn Nets,95 - 89,,2015-2016
11/03/2016 07:30,Boston Celtics,Houston Rockets,98 - 102,,2015-2016
11/03/2016 08:00,Chicago Bulls,Miami Heat,96 - 118,,2015-2016
11/03/2016 08:00,Memphis Grizzlies,New Orleans Pelicans,121 - 114,OT,2015-2016
11/03/2016 08:00,Oklahoma City Thunder,Minnesota Timberwolves,96 - 99,,2015-2016
11/03/2016 09:00,Utah Jazz,Washington Wizards,114 - 93,,2015-2016
11/03/2016 10:00,Sacramento Kings,Orlando Magic,100 - 107,,2015-2016
11/03/2016 10:30,Golden State Warriors,Portland Trail Blazers,128 - 112,,2015-2016
11/03/2016 10:30,Los Angeles Clippers,New York Knicks,101 - 94,,2015-2016
12/03/2016 02:00,Dallas Mavericks,Indiana Pacers,105 - 112,,2015-2016
12/03/2016 07:00,Charlotte Hornets,Houston Rockets,125 - 109,,2015-2016
12/03/2016 07:00,Philadelphia 76ers,Detroit Pistons,111 - 125,,2015-2016
12/03/2016 07:00,Toronto Raptors,Miami Heat,112 - 104,OT,2015-2016
12/03/2016 07:30,Atlanta Hawks,Memphis Grizzlies,95 - 83,,2015-2016
12/03/2016 07:30,Milwaukee Bucks,New Orleans Pelicans,103 - 92,,2015-2016
12/03/2016 08:30,San Antonio Spurs,Oklahoma City Thunder,93 - 85,,2015-2016
12/03/2016 09:30,Denver Nuggets,Washington Wizards,116 - 100,,2015-2016
12/03/2016 10:30,Golden State Warriors,Phoenix Suns,123 - 116,,2015-2016
12/03/2016 10:30,Portland Trail Blazers,Orlando Magic,121 - 84,,2015-2016
13/03/2016 03:30,Los Angeles Clippers,Cleveland Cavaliers,90 - 114,,2015-2016
13/03/2016 06:00,Atlanta Hawks,Indiana Pacers,104 - 75,,2015-2016
13/03/2016 06:00,Sacramento Kings,Utah Jazz,99 - 108,,2015-2016
13/03/2016 08:00,Brooklyn Nets,Milwaukee Bucks,100 - 109,,2015-2016
13/03/2016 09:30,Los Angeles Lakers,New York Knicks,87 - 90,,2015-2016
14/03/2016 07:00,Charlotte Hornets,Dallas Mavericks,96 - 107,,2015-2016
14/03/2016 07:30,Miami Heat,Denver Nuggets,124 - 119,,2015-2016
14/03/2016 07:30,Toronto Raptors,Chicago Bulls,107 - 109,,2015-2016
14/03/2016 08:00,Houston Rockets,Memphis Grizzlies,130 - 81,,2015-2016
14/03/2016 08:00,Oklahoma City Thunder,Portland Trail Blazers,128 - 94,,2015-2016
14/03/2016 08:00,Washington Wizards,Detroit Pistons,124 - 81,,2015-2016
14/03/2016 10:00,Phoenix Suns,Minnesota Timberwolves,107 - 104,,2015-2016
14/03/2016 10:30,Golden State Warriors,New Orleans Pelicans,125 - 107,,2015-2016
14/03/2016 10:30,Utah Jazz,Cleveland Cavaliers,94 - 85,,2015-2016
15/03/2016 07:00,Indiana Pacers,Boston Celtics,103 - 98,,2015-2016
15/03/2016 07:00,Orlando Magic,Denver Nuggets,116 - 110,,2015-2016
15/03/2016 07:30,Brooklyn Nets,Philadelphia 76ers,131 - 114,,2015-2016
15/03/2016 08:00,Milwaukee Bucks,Toronto Raptors,89 - 107,,2015-2016
15/03/2016 08:30,San Antonio Spurs,Los Angeles Clippers,108 - 87,,2015-2016
15/03/2016 10:30,Los Angeles Lakers,Sacramento Kings,98 - 106,,2015-2016
16/03/2016 07:00,Boston Celtics,Oklahoma City Thunder,109 - 130,,2015-2016
16/03/2016 07:00,Charlotte Hornets,Orlando Magic,107 - 99,,2015-2016
16/03/2016 07:00,Cleveland Cavaliers,Dallas Mavericks,99 - 98,,2015-2016
16/03/2016 07:00,Washington Wizards,Chicago Bulls,117 - 96,,2015-2016
16/03/2016 07:30,Detroit Pistons,Atlanta Hawks,114 - 118,,2015-2016
16/03/2016 08:00,Memphis Grizzlies,Minnesota Timberwolves,108 - 114,,2015-2016
16/03/2016 09:30,Houston Rockets,Los Angeles Clippers,106 - 122,,2015-2016
16/03/2016 10:00,Sacramento Kings,New Orleans Pelicans,108 - 123,,2015-2016
16/03/2016 10:30,Golden State Warriors,New York Knicks,121 - 85,,2015-2016
17/03/2016 07:00,Indiana Pacers,Toronto Raptors,94 - 101,OT,2015-2016
17/03/2016 07:00,Philadelphia 76ers,Washington Wizards,94 - 99,,2015-2016
17/03/2016 07:30,Miami Heat,Charlotte Hornets,106 - 109,,2015-2016
17/03/2016 08:00,Atlanta Hawks,Denver Nuggets,116 - 98,,2015-2016
17/03/2016 08:00,Chicago Bulls,Brooklyn Nets,118 - 102,,2015-2016
17/03/2016 08:00,Milwaukee Bucks,Memphis Grizzlies,96 - 86,,2015-2016
17/03/2016 08:30,San Antonio Spurs,Portland Trail Blazers,118 - 110,,2015-2016
17/03/2016 09:00,Utah Jazz,Phoenix Suns,103 - 69,,2015-2016
18/03/2016 07:00,Orlando Magic,Cleveland Cavaliers,103 - 109,,2015-2016
18/03/2016 07:00,Philadelphia 76ers,Oklahoma City Thunder,97 - 111,,2015-2016
18/03/2016 07:30,Detroit Pistons,Sacramento Kings,115 - 108,,2015-2016
18/03/2016 07:30,Toronto Raptors,Boston Celtics,105 - 91,,2015-2016
18/03/2016 08:00,Houston Rockets,Minnesota Timberwolves,116 - 111,,2015-2016
18/03/2016 08:00,New Orleans Pelicans,Portland Trail Blazers,112 - 117,,2015-2016
18/03/2016 08:30,Dallas Mavericks,Golden State Warriors,112 - 130,,2015-2016
18/03/2016 10:30,Los Angeles Lakers,Phoenix Suns,90 - 95,,2015-2016
19/03/2016 06:00,Charlotte Hornets,Denver Nuggets,93 - 101,,2015-2016
19/03/2016 07:00,Detroit Pistons,Brooklyn Nets,115 - 103,,2015-2016
19/03/2016 07:00,Indiana Pacers,Oklahoma City Thunder,111 - 115,,2015-2016
19/03/2016 07:00,Washington Wizards,New York Knicks,99 - 89,,2015-2016
19/03/2016 07:30,Atlanta Hawks,Houston Rockets,109 - 97,,2015-2016
19/03/2016 07:30,Miami Heat,Cleveland Cavaliers,122 - 101,,2015-2016
19/03/2016 08:00,Chicago Bulls,Utah Jazz,92 - 85,,2015-2016
19/03/2016 08:00,Memphis Grizzlies,Los Angeles Clippers,113 - 102,,2015-2016
19/03/2016 08:30,San Antonio Spurs,Golden State Warriors,87 - 79,,2015-2016
20/03/2016 04:00,Dallas Mavericks,Portland Trail Blazers,132 - 120,OT,2015-2016
20/03/2016 04:30,Toronto Raptors,Orlando Magic,105 - 100,,2015-2016
20/03/2016 06:00,New Orleans Pelicans,Los Angeles Clippers,109 - 105,,2015-2016
20/03/2016 06:00,Philadelphia 76ers,Boston Celtics,105 - 120,,2015-2016
20/03/2016 07:00,Milwaukee Bucks,Utah Jazz,85 - 94,,2015-2016
20/03/2016 07:30,New York Knicks,Sacramento Kings,80 - 88,,2015-2016
21/03/2016 07:00,Charlotte Hornets,San Antonio Spurs,91 - 88,,2015-2016
21/03/2016 07:00,Cleveland Cavaliers,Denver Nuggets,124 - 91,,2015-2016
21/03/2016 07:00,Indiana Pacers,Philadelphia 76ers,91 - 75,,2015-2016
21/03/2016 07:30,Boston Celtics,Orlando Magic,107 - 96,,2015-2016
21/03/2016 07:30,Detroit Pistons,Milwaukee Bucks,92 - 91,,2015-2016
21/03/2016 08:00,Atlanta Hawks,Washington Wizards,102 - 117,,2015-2016
21/03/2016 08:00,Chicago Bulls,Sacramento Kings,109 - 102,,2015-2016
21/03/2016 08:00,Minnesota Timberwolves,Golden State Warriors,104 - 109,,2015-2016
21/03/2016 10:00,Phoenix Suns,Memphis Grizzlies,97 - 103,,2015-2016
22/03/2016 07:30,Brooklyn Nets,Charlotte Hornets,100 - 105,,2015-2016
22/03/2016 08:00,New Orleans Pelicans,Miami Heat,99 - 113,,2015-2016
22/03/2016 08:00,Oklahoma City Thunder,Houston Rockets,111 - 107,,2015-2016
22/03/2016 10:30,Los Angeles Lakers,Memphis Grizzlies,107 - 100,,2015-2016
23/03/2016 07:00,Cleveland Cavaliers,Milwaukee Bucks,113 - 104,,2015-2016
23/03/2016 07:00,Washington Wizards,Atlanta Hawks,101 - 122,,2015-2016
23/03/2016 07:30,Boston Celtics,Toronto Raptors,91 - 79,,2015-2016
23/03/2016 07:30,Detroit Pistons,Orlando Magic,118 - 102,,2015-2016
23/03/2016 08:00,Chicago Bulls,New York Knicks,107 - 115,,2015-2016
23/03/2016 08:00,Houston Rockets,Utah Jazz,87 - 89,,2015-2016
23/03/2016 08:00,Minnesota Timberwolves,Sacramento Kings,113 - 104,,2015-2016
23/03/2016 08:30,San Antonio Spurs,Miami Heat,112 - 88,,2015-2016
23/03/2016 09:00,Denver Nuggets,Philadelphia 76ers,104 - 103,,2015-2016
23/03/2016 10:00,Phoenix Suns,Los Angeles Lakers,119 - 107,,2015-2016
23/03/2016 10:00,Portland Trail Blazers,Dallas Mavericks,109 - 103,,2015-2016
23/03/2016 10:30,Golden State Warriors,Los Angeles Clippers,114 - 98,,2015-2016
24/03/2016 07:00,Indiana Pacers,New Orleans Pelicans,92 - 84,,2015-2016
24/03/2016 07:30,Brooklyn Nets,Cleveland Cavaliers,104 - 95,,2015-2016
24/03/2016 07:30,New York Knicks,Chicago Bulls,106 - 94,,2015-2016
24/03/2016 08:00,Oklahoma City Thunder,Utah Jazz,113 - 91,,2015-2016
24/03/2016 10:30,Los Angeles Clippers,Portland Trail Blazers,96 - 94,,2015-2016
25/03/2016 07:00,Washington Wizards,Minnesota Timberwolves,129 - 132,2OT,2015-2016
25/03/2016 07:30,Detroit Pistons,Charlotte Hornets,112 - 105,,2015-2016
25/03/2016 08:00,Atlanta Hawks,Milwaukee Bucks,101 - 90,,2015-2016
25/03/2016 08:00,Houston Rockets,Toronto Raptors,112 - 109,,2015-2016
25/03/2016 08:00,Miami Heat,Orlando Magic,108 - 97,,2015-2016
25/03/2016 08:30,San Antonio Spurs,Memphis Grizzlies,110 - 104,,2015-2016
25/03/2016 10:00,Sacramento Kings,Phoenix Suns,116 - 94,,2015-2016
25/03/2016 10:30,Golden State Warriors,Dallas Mavericks,128 - 120,,2015-2016
25/03/2016 10:30,Los Angeles Lakers,Denver Nuggets,105 - 116,,2015-2016
26/03/2016 06:00,Brooklyn Nets,Indiana Pacers,120 - 110,,2015-2016
26/03/2016 07:00,New Orleans Pelicans,Toronto Raptors,91 - 115,,2015-2016
26/03/2016 07:00,Orlando Magic,Chicago Bulls,111 - 89,,2015-2016
26/03/2016 07:30,Detroit Pistons,Atlanta Hawks,95 - 112,,2015-2016
26/03/2016 07:30,New York Knicks,Cleveland Cavaliers,93 - 107,,2015-2016
26/03/2016 08:00,Minnesota Timberwolves,Utah Jazz,84 - 93,,2015-2016
26/03/2016 08:00,Oklahoma City Thunder,San Antonio Spurs,111 - 92,,2015-2016
26/03/2016 08:30,Milwaukee Bucks,Charlotte Hornets,91 - 115,,2015-2016
26/03/2016 10:00,Phoenix Suns,Boston Celtics,99 - 102,,2015-2016
26/03/2016 10:00,Portland Trail Blazers,Philadelphia 76ers,108 - 105,,2015-2016
27/03/2016 03:30,Los Angeles Clippers,Denver Nuggets,105 - 90,,2015-2016
27/03/2016 06:00,Indiana Pacers,Houston Rockets,104 - 101,,2015-2016
27/03/2016 06:00,Sacramento Kings,Dallas Mavericks,133 - 111,,2015-2016
27/03/2016 08:00,Golden State Warriors,Philadelphia 76ers,117 - 105,,2015-2016
27/03/2016 09:30,Los Angeles Lakers,Washington Wizards,88 - 101,,2015-2016
28/03/2016 07:30,Miami Heat,Brooklyn Nets,110 - 99,,2015-2016
28/03/2016 07:30,Toronto Raptors,Oklahoma City Thunder,100 - 119,,2015-2016
28/03/2016 08:00,Chicago Bulls,Atlanta Hawks,100 - 102,,2015-2016
28/03/2016 08:00,Memphis Grizzlies,San Antonio Spurs,87 - 101,,2015-2016
28/03/2016 08:00,Minnesota Timberwolves,Phoenix Suns,121 - 116,,2015-2016
28/03/2016 08:00,New Orleans Pelicans,New York Knicks,99 - 91,,2015-2016
28/03/2016 09:00,Denver Nuggets,Dallas Mavericks,88 - 97,,2015-2016
28/03/2016 09:00,Utah Jazz,Los Angeles Lakers,123 - 75,,2015-2016
28/03/2016 10:00,Portland Trail Blazers,Sacramento Kings,105 - 93,,2015-2016
28/03/2016 10:30,Los Angeles Clippers,Boston Celtics,114 - 90,,2015-2016
29/03/2016 07:00,Indiana Pacers,Chicago Bulls,96 - 98,,2015-2016
29/03/2016 07:00,Orlando Magic,Brooklyn Nets,139 - 105,,2015-2016
29/03/2016 07:00,Philadelphia 76ers,Charlotte Hornets,85 - 100,,2015-2016
29/03/2016 07:30,Detroit Pistons,Oklahoma City Thunder,88 - 82,,2015-2016
29/03/2016 08:00,Cleveland Cavaliers,Houston Rockets,100 - 106,,2015-2016
29/03/2016 10:30,Golden State Warriors,Washington Wizards,102 - 94,,2015-2016
30/03/2016 07:30,Toronto Raptors,Atlanta Hawks,105 - 97,,2015-2016
30/03/2016 08:00,Memphis Grizzlies,Denver Nuggets,105 - 109,,2015-2016
30/03/2016 08:00,Milwaukee Bucks,Phoenix Suns,105 - 94,,2015-2016
30/03/2016 08:00,Minnesota Timberwolves,Los Angeles Clippers,79 - 99,,2015-2016
30/03/2016 08:30,Dallas Mavericks,New York Knicks,91 - 89,,2015-2016
30/03/2016 08:30,San Antonio Spurs,New Orleans Pelicans,100 - 92,,2015-2016
30/03/2016 09:00,Utah Jazz,Golden State Warriors,96 - 103,OT,2015-2016
30/03/2016 10:00,Sacramento Kings,Washington Wizards,120 - 111,,2015-2016
30/03/2016 10:30,Los Angeles Lakers,Miami Heat,102 - 100,OT,2015-2016
31/03/2016 07:00,Cleveland Cavaliers,Brooklyn Nets,107 - 87,,2015-2016
31/03/2016 07:00,Houston Rockets,Chicago Bulls,100 - 103,,2015-2016
31/03/2016 07:00,Indiana Pacers,Orlando Magic,94 - 114,,2015-2016
31/03/2016 08:00,New Orleans Pelicans,Denver Nuggets,101 - 95,,2015-2016
31/03/2016 09:30,Oklahoma City Thunder,Los Angeles Clippers,119 - 117,,2015-2016
31/03/2016 10:00,Portland Trail Blazers,Boston Celtics,116 - 109,,2015-2016
01/04/2016 07:00,Charlotte Hornets,Philadelphia 76ers,100 - 91,,2015-2016
01/04/2016 07:30,Detroit Pistons,Dallas Mavericks,89 - 98,,2015-2016
01/04/2016 07:30,New York Knicks,Brooklyn Nets,105 - 91,,2015-2016
01/04/2016 08:00,Atlanta Hawks,Cleveland Cavaliers,108 - 110,OT,2015-2016
01/04/2016 08:00,Memphis Grizzlies,Toronto Raptors,95 - 99,,2015-2016
01/04/2016 08:00,Milwaukee Bucks,Orlando Magic,113 - 110,,2015-2016
01/04/2016 09:00,Utah Jazz,Minnesota Timberwolves,98 - 85,,2015-2016
01/04/2016 10:00,Sacramento Kings,Miami Heat,106 - 112,,2015-2016
01/04/2016 10:30,Golden State Warriors,Boston Celtics,106 - 109,,2015-2016
01/04/2016 10:30,Phoenix Suns,Washington Wizards,99 - 106,,2015-2016
02/04/2016 07:30,Philadelphia 76ers,Indiana Pacers,102 - 115,,2015-2016
02/04/2016 08:00,Chicago Bulls,Detroit Pistons,90 - 94,,2015-2016
02/04/2016 08:30,San Antonio Spurs,Toronto Raptors,102 - 95,,2015-2016
02/04/2016 09:00,Denver Nuggets,Sacramento Kings,106 - 115,,2015-2016
02/04/2016 10:00,Portland Trail Blazers,Miami Heat,110 - 93,,2015-2016
03/04/2016 01:00,Brooklyn Nets,New Orleans Pelicans,87 - 106,,2015-2016
03/04/2016 03:30,Cleveland Cavaliers,Charlotte Hornets,112 - 103,,2015-2016
03/04/2016 03:30,Houston Rockets,Oklahoma City Thunder,118 - 110,,2015-2016
03/04/2016 03:30,Los Angeles Clippers,Washington Wizards,114 - 109,,2015-2016
03/04/2016 03:30,Minnesota Timberwolves,Dallas Mavericks,78 - 88,,2015-2016
03/04/2016 06:00,Orlando Magic,Memphis Grizzlies,119 - 107,,2015-2016
03/04/2016 06:00,Phoenix Suns,Utah Jazz,86 - 101,,2015-2016
03/04/2016 07:00,Milwaukee Bucks,Chicago Bulls,98 - 102,,2015-2016
03/04/2016 07:30,New York Knicks,Indiana Pacers,87 - 92,,2015-2016
03/04/2016 08:00,Golden State Warriors,Portland Trail Blazers,136 - 111,,2015-2016
03/04/2016 09:30,Los Angeles Lakers,Boston Celtics,100 - 107,,2015-2016
05/04/2016 07:00,Philadelphia 76ers,New Orleans Pelicans,107 - 93,,2015-2016
05/04/2016 07:30,Toronto Raptors,Charlotte Hornets,96 - 90,,2015-2016
05/04/2016 08:00,Atlanta Hawks,Phoenix Suns,103 - 90,,2015-2016
05/04/2016 08:00,Memphis Grizzlies,Chicago Bulls,108 - 92,,2015-2016
05/04/2016 08:00,Miami Heat,Detroit Pistons,107 - 89,,2015-2016
05/04/2016 08:00,Milwaukee Bucks,Cleveland Cavaliers,80 - 109,,2015-2016
05/04/2016 09:00,Denver Nuggets,Oklahoma City Thunder,102 - 124,,2015-2016
05/04/2016 09:00,Utah Jazz,San Antonio Spurs,86 - 88,,2015-2016
05/04/2016 10:00,Sacramento Kings,Portland Trail Blazers,107 - 115,,2015-2016
05/04/2016 10:30,Golden State Warriors,Minnesota Timberwolves,117 - 124,OT,2015-2016
05/04/2016 10:30,Los Angeles Clippers,Los Angeles Lakers,103 - 81,,2015-2016
06/04/2016 07:00,Indiana Pacers,Cleveland Cavaliers,123 - 109,,2015-2016
06/04/2016 07:00,Orlando Magic,Detroit Pistons,104 - 108,,2015-2016
06/04/2016 07:00,Washington Wizards,Brooklyn Nets,121 - 103,,2015-2016
06/04/2016 07:30,Boston Celtics,New Orleans Pelicans,104 - 97,,2015-2016
06/04/2016 07:30,New York Knicks,Charlotte Hornets,97 - 111,,2015-2016
06/04/2016 09:30,Dallas Mavericks,Houston Rockets,88 - 86,,2015-2016
06/04/2016 10:00,Portland Trail Blazers,Oklahoma City Thunder,120 - 115,,2015-2016
06/04/2016 10:30,Los Angeles Lakers,Los Angeles Clippers,81 - 91,,2015-2016
07/04/2016 08:00,Atlanta Hawks,Toronto Raptors,95 - 87,,2015-2016
07/04/2016 08:00,Houston Rockets,Phoenix Suns,115 - 124,,2015-2016
07/04/2016 08:00,Miami Heat,Chicago Bulls,106 - 98,,2015-2016
07/04/2016 10:00,Sacramento Kings,Minnesota Timberwolves,97 - 105,,2015-2016
07/04/2016 10:30,Golden State Warriors,San Antonio Spurs,112 - 101,,2015-2016
08/04/2016 07:00,Charlotte Hornets,Brooklyn Nets,113 - 99,,2015-2016
08/04/2016 07:00,Orlando Magic,Miami Heat,112 - 109,,2015-2016
08/04/2016 07:00,Philadelphia 76ers,New York Knicks,102 - 109,,2015-2016
08/04/2016 07:30,Boston Celtics,Milwaukee Bucks,124 - 109,,2015-2016
08/04/2016 07:30,Detroit Pistons,Washington Wizards,112 - 99,,2015-2016
08/04/2016 07:30,Toronto Raptors,Indiana Pacers,111 - 98,,2015-2016
08/04/2016 08:00,New Orleans Pelicans,Los Angeles Lakers,110 - 102,,2015-2016
08/04/2016 08:30,Dallas Mavericks,Memphis Grizzlies,103 - 93,,2015-2016
08/04/2016 09:00,Denver Nuggets,San Antonio Spurs,102 - 98,,2015-2016
08/04/2016 09:00,Utah Jazz,Los Angeles Clippers,99 - 102,OT,2015-2016
09/04/2016 07:00,New Orleans Pelicans,Phoenix Suns,100 - 121,,2015-2016
09/04/2016 07:30,Atlanta Hawks,Boston Celtics,118 - 107,,2015-2016
09/04/2016 08:00,Memphis Grizzlies,Golden State Warriors,99 - 100,,2015-2016
09/04/2016 08:30,Chicago Bulls,Cleveland Cavaliers,105 - 102,,2015-2016
09/04/2016 10:30,Portland Trail Blazers,Minnesota Timberwolves,105 - 106,,2015-2016
09/04/2016 10:30,Sacramento Kings,Oklahoma City Thunder,114 - 112,,2015-2016
10/04/2016 12:00,Washington Wizards,Charlotte Hornets,113 - 98,,2015-2016
10/04/2016 03:30,Houston Rockets,Los Angeles Lakers,130 - 110,,2015-2016
10/04/2016 03:30,Los Angeles Clippers,Dallas Mavericks,98 - 91,,2015-2016
10/04/2016 05:00,Denver Nuggets,Utah Jazz,84 - 100,,2015-2016
10/04/2016 05:00,Philadelphia 76ers,Milwaukee Bucks,108 - 109,OT,2015-2016
10/04/2016 06:00,Indiana Pacers,Brooklyn Nets,129 - 105,,2015-2016
10/04/2016 06:00,Miami Heat,Orlando Magic,118 - 96,,2015-2016
10/04/2016 07:00,San Antonio Spurs,Golden State Warriors,86 - 92,,2015-2016
10/04/2016 07:30,New York Knicks,Toronto Raptors,89 - 93,,2015-2016
11/04/2016 07:00,Cleveland Cavaliers,Atlanta Hawks,109 - 94,,2015-2016
11/04/2016 07:00,Orlando Magic,Milwaukee Bucks,107 - 98,,2015-2016
11/04/2016 07:30,Boston Celtics,Charlotte Hornets,100 - 114,,2015-2016
11/04/2016 07:30,Brooklyn Nets,Washington Wizards,111 - 120,,2015-2016
11/04/2016 08:00,Minnesota Timberwolves,Houston Rockets,105 - 129,,2015-2016
11/04/2016 08:00,New Orleans Pelicans,Chicago Bulls,116 - 121,,2015-2016
11/04/2016 08:00,Oklahoma City Thunder,Los Angeles Lakers,112 - 79,,2015-2016
11/04/2016 09:00,Utah Jazz,Dallas Mavericks,92 - 101,,2015-2016
11/04/2016 10:00,Phoenix Suns,Sacramento Kings,101 - 105,,2015-2016
12/04/2016 07:00,Indiana Pacers,New York Knicks,102 - 90,,2015-2016
12/04/2016 07:30,Detroit Pistons,Miami Heat,93 - 99,,2015-2016
12/04/2016 07:30,Toronto Raptors,Philadelphia 76ers,122 - 98,,2015-2016
12/04/2016 08:00,San Antonio Spurs,Oklahoma City Thunder,102 - 98,OT,2015-2016
12/04/2016 10:30,Los Angeles Clippers,Memphis Grizzlies,110 - 84,,2015-2016
13/04/2016 08:00,Boston Celtics,Miami Heat,98 - 88,,2015-2016
13/04/2016 08:00,Brooklyn Nets,Toronto Raptors,96 - 103,,2015-2016
13/04/2016 08:00,Chicago Bulls,Philadelphia 76ers,115 - 105,,2015-2016
13/04/2016 08:00,Charlotte Hornets,Orlando Magic,117 - 103,,2015-2016
13/04/2016 08:00,Cleveland Cavaliers,Detroit Pistons,110 - 112,OT,2015-2016
13/04/2016 08:00,Dallas Mavericks,San Antonio Spurs,91 - 96,,2015-2016
13/04/2016 08:00,Houston Rockets,Sacramento Kings,116 - 81,,2015-2016
13/04/2016 08:00,Milwaukee Bucks,Indiana Pacers,92 - 97,,2015-2016
13/04/2016 08:00,Minnesota Timberwolves,New Orleans Pelicans,144 - 109,,2015-2016
13/04/2016 08:00,Washington Wizards,Atlanta Hawks,109 - 98,,2015-2016
13/04/2016 10:30,Golden State Warriors,Memphis Grizzlies,125 - 104,,2015-2016
13/04/2016 10:30,Los Angeles Lakers,Utah Jazz,101 - 96,,2015-2016
13/04/2016 10:30,Phoenix Suns,Los Angeles Clippers,114 - 105,,2015-2016
13/04/2016 10:30,Portland Trail Blazers,Denver Nuggets,107 - 99,,2015-2016
